pokedex_number,name,german_name,japanese_name,generation,is_sub_legendary,is_legendary,is_mythical,species,type_number,type_1,type_2,height_m,weight_kg,abilities_number,ability_1,ability_2,ability_hidden,total_points,hp,attack,defense,sp_attack,sp_defense,speed,catch_rate,base_friendship,base_experience,growth_rate,egg_type_number,egg_type_1,egg_type_2,percentage_male,egg_cycles,against_normal,against_fire,against_water,against_electric,against_grass,against_ice,against_fight,against_poison,against_ground,against_flying,against_psychic,against_bug,against_rock,against_ghost,against_dragon,against_dark,against_steel,against_fairy
1,Bulbasaur,Bisasam,フシギダネ (Fushigidane),1,0,0,0,Seed Pokémon,2,Grass,Poison,0.7,6.9,2,Overgrow,,Chlorophyll,318,45,49,49,65,65,45,45,70,64,Medium Slow,2,Grass,Monster,87.5,20,1,2,0.5,0.5,0.25,2,0.5,1,1,2,2,1,1,1,1,1,1,0.5
2,Ivysaur,Bisaknosp,フシギソウ (Fushigisou),1,0,0,0,Seed Pokémon,2,Grass,Poison,1.0,13.0,2,Overgrow,,Chlorophyll,405,60,62,63,80,80,60,45,70,142,Medium Slow,2,Grass,Monster,87.5,20,1,2,0.5,0.5,0.25,2,0.5,1,1,2,2,1,1,1,1,1,1,0.5
3,Venusaur,Bisaflor,フシギバナ (Fushigibana),1,0,0,0,Seed Pokémon,2,Grass,Poison,2.0,100.0,2,Overgrow,,Chlorophyll,525,80,82,83,100,100,80,45,70,236,Medium Slow,2,Grass,Monster,87.5,20,1,2,0.5,0.5,0.25,2,0.5,1,1,2,2,1,1,1,1,1,1,0.5
4,Charmander,Glumanda,ヒトカゲ (Hitokage),1,0,0,0,Lizard Pokémon,1,Fire,,0.6,8.5,2,Blaze,,Solar Power,309,39,52,43,60,50,65,45,70,62,Medium Slow,2,Dragon,Monster,87.5,20,1,0.5,2,1,0.5,0.5,1,1,2,1,1,0.5,2,1,1,1,0.5,0.5
5,Charmeleon,Glutexo,リザード (Lizardo),1,0,0,0,Flame Pokémon,1,Fire,,1.1,19.0,2,Blaze,,Solar Power,405,58,64,58,80,65,80,45,70,142,Medium Slow,2,Dragon,Monster,87.5,20,1,0.5,2,1,0.5,0.5,1,1,2,1,1,0.5,2,1,1,1,0.5,0.5
6,Charizard,Glurak,リザードン (Lizardon),1,0,0,0,Flame Pokémon,2,Fire,Flying,1.7,90.5,2,Blaze,,Solar Power,534,78,84,78,109,85,100,45,70,240,Medium Slow,2,Dragon,Monster,87.5,20,1,0.5,2,2,0.25,1,0.5,1,0,1,1,0.25,4,1,1,1,0.5,0.5
7,Squirtle,Schiggy,ゼニガメ (Zenigame),1,0,0,0,Tiny Turtle Pokémon,1,Water,,0.5,9.0,2,Torrent,,Rain Dish,314,44,48,65,50,64,43,45,70,63,Medium Slow,2,Monster,Water 1,87.5,20,1,0.5,0.5,2,2,0.5,1,1,1,1,1,1,1,1,1,1,0.5,1
8,Wartortle,Schillok,カメール (Kameil),1,0,0,0,Turtle Pokémon,1,Water,,1.0,22.5,2,Torrent,,Rain Dish,405,59,63,80,65,80,58,45,70,142,Medium Slow,2,Monster,Water 1,87.5,20,1,0.5,0.5,2,2,0.5,1,1,1,1,1,1,1,1,1,1,0.5,1
9,Blastoise,Turtok,カメックス (Kamex),1,0,0,0,Shellfish Pokémon,1,Water,,1.6,85.5,2,Torrent,,Rain Dish,530,79,83,100,85,105,78,45,70,239,Medium Slow,2,Monster,Water 1,87.5,20,1,0.5,0.5,2,2,0.5,1,1,1,1,1,1,1,1,1,1,0.5,1
10,Caterpie,Raupy,キャタピー (Caterpie),1,0,0,0,Worm Pokémon,1,Bug,,0.3,2.9,2,Shield Dust,,Run Away,195,45,30,35,20,20,45,255,70,39,Medium Fast,1,Bug,,50.0,15,1,2,1,1,0.5,1,0.5,1,0.5,2,1,1,2,1,1,1,1,1
11,Metapod,Safcon,トランセル (Transel),1,0,0,0,Cocoon Pokémon,1,Bug,,0.7,9.9,1,Shed Skin,,,205,50,20,55,25,25,30,120,70,72,Medium Fast,1,Bug,,50.0,15,1,2,1,1,0.5,1,0.5,1,0.5,2,1,1,2,1,1,1,1,1
12,Butterfree,Smettbo,バタフリー (Butterfree),1,0,0,0,Butterfly Pokémon,2,Bug,Flying,1.1,32.0,2,Compound Eyes,,Tinted Lens,395,60,45,50,90,80,70,45,70,178,Medium Fast,1,Bug,,50.0,15,1,2,1,2,0.25,2,0.25,1,0,2,1,0.5,4,1,1,1,1,1
13,Weedle,Hornliu,ビードル (Beedle),1,0,0,0,Hairy Bug Pokémon,2,Bug,Poison,0.3,3.2,2,Shield Dust,,Run Away,195,40,35,30,20,20,50,255,70,39,Medium Fast,1,Bug,,50.0,15,1,2,1,1,0.25,1,0.25,0.5,1,2,2,0.5,2,1,1,1,1,0.5
14,Kakuna,Kokuna,コクーン (Cocoon),1,0,0,0,Cocoon Pokémon,2,Bug,Poison,0.6,10.0,1,Shed Skin,,,205,45,25,50,25,25,35,120,70,72,Medium Fast,1,Bug,,50.0,15,1,2,1,1,0.25,1,0.25,0.5,1,2,2,0.5,2,1,1,1,1,0.5
15,Beedrill,Bibor,スピアー (Spear),1,0,0,0,Poison Bee Pokémon,2,Bug,Poison,1.0,29.5,2,Swarm,,Sniper,395,65,90,40,45,80,75,45,70,178,Medium Fast,1,Bug,,50.0,15,1,2,1,1,0.25,1,0.25,0.5,1,2,2,0.5,2,1,1,1,1,0.5
16,Pidgey,Taubsi,ポッポ (Poppo),1,0,0,0,Tiny Bird Pokémon,2,Normal,Flying,0.3,1.8,3,Keen Eye,Tangled Feet,Big Pecks,251,40,45,40,35,35,56,255,70,50,Medium Slow,1,Flying,,50.0,15,1,1,1,2,0.5,2,1,1,0,1,1,0.5,2,0,1,1,1,1
17,Pidgeotto,Tauboga,ピジョン (Pigeon),1,0,0,0,Bird Pokémon,2,Normal,Flying,1.1,30.0,3,Keen Eye,Tangled Feet,Big Pecks,349,63,60,55,50,50,71,120,70,122,Medium Slow,1,Flying,,50.0,15,1,1,1,2,0.5,2,1,1,0,1,1,0.5,2,0,1,1,1,1
18,Pidgeot,Tauboss,ピジョット (Pigeot),1,0,0,0,Bird Pokémon,2,Normal,Flying,1.5,39.5,3,Keen Eye,Tangled Feet,Big Pecks,479,83,80,75,70,70,101,45,70,216,Medium Slow,1,Flying,,50.0,15,1,1,1,2,0.5,2,1,1,0,1,1,0.5,2,0,1,1,1,1
19,Rattata,Rattfratz,コラッタ (Koratta),1,0,0,0,Mouse Pokémon,1,Normal,,0.3,3.5,3,Run Away,Guts,Hustle,253,30,56,35,25,35,72,255,70,51,Medium Fast,1,Field,,50.0,15,1,1,1,1,1,1,2,1,1,1,1,1,1,0,1,1,1,1
19,Alolan Rattata,Rattfratz,コラッタ (Koratta),1,0,0,0,Mouse Pokémon,2,Dark,Normal,0.3,3.8,3,Gluttony,Hustle,Thick Fat,253,30,56,35,25,35,72,255,70,51,Medium Fast,1,Field,,50.0,15,1,1,1,1,1,1,4,1,1,1,0,2,1,0,1,0.5,1,2
20,Raticate,Rattikarl,ラッタ (Ratta),1,0,0,0,Mouse Pokémon,1,Normal,,0.7,18.5,3,Run Away,Guts,Hustle,413,55,81,60,50,70,97,127,70,145,Medium Fast,1,Field,,50.0,15,1,1,1,1,1,1,2,1,1,1,1,1,1,0,1,1,1,1
20,Alolan Raticate,Rattikarl,ラッタ (Ratta),1,0,0,0,Mouse Pokémon,2,Dark,Normal,0.7,25.5,3,Gluttony,Hustle,Thick Fat,413,75,71,70,40,80,77,127,70,145,Medium Fast,1,Field,,50.0,15,1,1,1,1,1,1,4,1,1,1,0,2,1,0,1,0.5,1,2
21,Spearow,Habitak,オニスズメ (Onisuzume),1,0,0,0,Tiny Bird Pokémon,2,Normal,Flying,0.3,2.0,2,Keen Eye,,Sniper,262,40,60,30,31,31,70,255,70,52,Medium Fast,1,Flying,,50.0,15,1,1,1,2,0.5,2,1,1,0,1,1,0.5,2,0,1,1,1,1
22,Fearow,Ibitak,オニドリル (Onidrill),1,0,0,0,Beak Pokémon,2,Normal,Flying,1.2,38.0,2,Keen Eye,,Sniper,442,65,90,65,61,61,100,90,70,155,Medium Fast,1,Flying,,50.0,15,1,1,1,2,0.5,2,1,1,0,1,1,0.5,2,0,1,1,1,1
23,Ekans,Rettan,アーボ (Arbo),1,0,0,0,Snake Pokémon,1,Poison,,2.0,6.9,3,Intimidate,Shed Skin,Unnerve,288,35,60,44,40,54,55,255,70,58,Medium Fast,2,Dragon,Field,50.0,20,1,1,1,1,0.5,1,0.5,0.5,2,1,2,0.5,1,1,1,1,1,0.5
24,Arbok,Arbok,アーボック (Arbok),1,0,0,0,Cobra Pokémon,1,Poison,,3.5,65.0,3,Intimidate,Shed Skin,Unnerve,448,60,95,69,65,79,80,90,70,157,Medium Fast,2,Dragon,Field,50.0,20,1,1,1,1,0.5,1,0.5,0.5,2,1,2,0.5,1,1,1,1,1,0.5
25,Pikachu,Pikachu,ピカチュウ (Pikachu),1,0,0,0,Mouse Pokémon,1,Electric,,0.4,6.0,2,Static,,Lightning Rod,320,35,55,40,50,50,90,190,70,112,Medium Fast,2,Fairy,Field,50.0,10,1,1,1,0.5,1,1,1,1,2,0.5,1,1,1,1,1,1,0.5,1
25,Partner Pikachu,Pikachu,ピカチュウ (Pikachu),1,0,0,0,Mouse Pokémon,1,Electric,,0.4,6.0,1,,,Lightning Rod,430,45,80,50,75,60,120,190,70,112,Medium Fast,0,,,50.0,10,1,1,1,0,1,1,1,1,2,0.5,1,1,1,1,1,1,0.5,1
26,Raichu,Raichu,ライチュウ (Raichu),1,0,0,0,Mouse Pokémon,1,Electric,,0.8,30.0,2,Static,,Lightning Rod,485,60,90,55,90,80,110,75,70,218,Medium Fast,2,Fairy,Field,50.0,10,1,1,1,0.5,1,1,1,1,2,0.5,1,1,1,1,1,1,0.5,1
26,Alolan Raichu,Raichu,ライチュウ (Raichu),1,0,0,0,Mouse Pokémon,2,Electric,Psychic,0.7,21.0,1,Surge Surfer,,,485,60,85,50,95,85,110,75,70,218,Medium Fast,2,Fairy,Field,50.0,10,1,1,1,0,1,1,1,1,2,0.5,1,1,1,1,1,1,0.5,1
27,Sandshrew,Sandan,サンド (Sand),1,0,0,0,Mouse Pokémon,1,Ground,,0.6,12.0,2,Sand Veil,,Sand Rush,300,50,75,85,20,30,40,255,70,60,Medium Fast,1,Field,,50.0,20,1,1,2,0,2,2,1,0.5,1,1,1,1,0.5,1,1,1,1,1
27,Alolan Sandshrew,Sandan,サンド (Sand),1,0,0,0,Mouse Pokémon,2,Ice,Steel,0.7,40.0,2,Snow Cloak,,Slush Rush,300,50,75,90,10,35,40,255,70,60,Medium Fast,1,Field,,50.0,20,0.5,4,1,1,0.5,0.25,4,0,2,0.5,0.5,0.5,1,1,0.5,1,1,0.5
28,Sandslash,Sandamer,サンドパン (Sandpan),1,0,0,0,Mouse Pokémon,1,Ground,,1.0,29.5,2,Sand Veil,,Sand Rush,450,75,100,110,45,55,65,90,70,158,Medium Fast,1,Field,,50.0,20,1,1,2,0,2,2,1,0.5,1,1,1,1,0.5,1,1,1,1,1
28,Alolan Sandslash,Sandamer,サンドパン (Sandpan),1,0,0,0,Mouse Pokémon,2,Ice,Steel,1.2,55.0,2,Snow Cloak,,Slush Rush,450,75,100,120,25,65,65,90,70,158,Medium Fast,1,Field,,50.0,20,0.5,4,1,1,0.5,0.25,4,0,2,0.5,0.5,0.5,1,1,0.5,1,1,0.5
29,Nidoran♀,Nidoran♀,ニドラン♀ (Nidoran♀),1,0,0,0,Poison Pin Pokémon,1,Poison,,0.4,7.0,3,Poison Point,Rivalry,Hustle,275,55,47,52,40,40,41,235,70,55,Medium Slow,2,Field,Monster,0.0,20,1,1,1,1,0.5,1,0.5,0.5,2,1,2,0.5,1,1,1,1,1,0.5
30,Nidorina,Nidorina,ニドリーナ (Nidorina),1,0,0,0,Poison Pin Pokémon,1,Poison,,0.8,20.0,3,Poison Point,Rivalry,Hustle,365,70,62,67,55,55,56,120,70,128,Medium Slow,1,Undiscovered,,0.0,20,1,1,1,1,0.5,1,0.5,0.5,2,1,2,0.5,1,1,1,1,1,0.5
31,Nidoqueen,Nidoqueen,ニドクイン (Nidoqueen),1,0,0,0,Drill Pokémon,2,Poison,Ground,1.3,60.0,3,Poison Point,Rivalry,Sheer Force,505,90,92,87,75,85,76,45,70,227,Medium Slow,1,Undiscovered,,0.0,20,1,1,2,0,1,2,0.5,0.25,2,1,2,0.5,0.5,1,1,1,1,0.5
32,Nidoran♂,Nidoran♂,ニドラン♂ (Nidoran♂),1,0,0,0,Poison Pin Pokémon,1,Poison,,0.5,9.0,3,Poison Point,Rivalry,Hustle,273,46,57,40,40,40,50,235,70,55,Medium Slow,2,Field,Monster,100.0,20,1,1,1,1,0.5,1,0.5,0.5,2,1,2,0.5,1,1,1,1,1,0.5
33,Nidorino,Nidorino,ニドリーノ (Nidorino),1,0,0,0,Poison Pin Pokémon,1,Poison,,0.9,19.5,3,Poison Point,Rivalry,Hustle,365,61,72,57,55,55,65,120,70,128,Medium Slow,2,Field,Monster,100.0,20,1,1,1,1,0.5,1,0.5,0.5,2,1,2,0.5,1,1,1,1,1,0.5
34,Nidoking,Nidoking,ニドキング (Nidoking),1,0,0,0,Drill Pokémon,2,Poison,Ground,1.4,62.0,3,Poison Point,Rivalry,Sheer Force,505,81,102,77,85,75,85,45,70,227,Medium Slow,2,Field,Monster,100.0,20,1,1,2,0,1,2,0.5,0.25,2,1,2,0.5,0.5,1,1,1,1,0.5
35,Clefairy,Piepi,ピッピ (Pippi),1,0,0,0,Fairy Pokémon,1,Fairy,,0.6,7.5,3,Cute Charm,Magic Guard,Friend Guard,323,70,45,48,60,65,35,150,140,113,Fast,1,Fairy,,25.0,10,1,1,1,1,1,1,0.5,2,1,1,1,0.5,1,1,0,0.5,2,1
36,Clefable,Pixi,ピクシー (Pixy),1,0,0,0,Fairy Pokémon,1,Fairy,,1.3,40.0,3,Cute Charm,Magic Guard,Unaware,483,95,70,73,95,90,60,25,140,217,Fast,1,Fairy,,25.0,10,1,1,1,1,1,1,0.5,2,1,1,1,0.5,1,1,0,0.5,2,1
37,Vulpix,Vulpix,ロコン (Rokon),1,0,0,0,Fox Pokémon,1,Fire,,0.6,9.9,2,Flash Fire,,Drought,299,38,41,40,50,65,65,190,70,60,Medium Fast,1,Field,,25.0,20,1,0,2,1,0.5,0.5,1,1,2,1,1,0.5,2,1,1,1,0.5,0.5
37,Alolan Vulpix,Vulpix,ロコン (Rokon),1,0,0,0,Fox Pokémon,1,Ice,,0.6,9.9,2,Snow Cloak,,Snow Warning,299,38,41,40,50,65,65,190,70,60,Medium Fast,1,Field,,25.0,20,1,0.5,2,1,0.5,0.5,1,1,2,1,1,0.5,2,1,1,1,0.5,0.5
38,Ninetales,Vulnona,キュウコン (Kyukon),1,0,0,0,Fox Pokémon,1,Fire,,1.1,19.9,2,Flash Fire,,Drought,505,73,76,75,81,100,100,75,70,177,Medium Fast,1,Field,,25.0,20,1,0,2,1,0.5,0.5,1,1,2,1,1,0.5,2,1,1,1,0.5,0.5
38,Alolan Ninetales,Vulnona,キュウコン (Kyukon),1,0,0,0,Fox Pokémon,2,Ice,Fairy,1.1,19.9,2,Snow Cloak,,Snow Warning,505,73,67,75,81,100,109,75,70,177,Medium Fast,1,Field,,25.0,20,1,0.5,2,1,0.5,0.5,1,1,2,1,1,0.5,2,1,1,1,0.5,0.5
39,Jigglypuff,Pummeluff,プリン (Purin),1,0,0,0,Balloon Pokémon,2,Normal,Fairy,0.5,5.5,3,Cute Charm,Competitive,Friend Guard,270,115,45,20,45,25,20,170,70,95,Fast,1,Fairy,,25.0,10,1,1,1,1,1,1,1,2,1,1,1,0.5,1,0,0,0.5,2,1
40,Wigglytuff,Knuddeluff,プクリン (Pukurin),1,0,0,0,Balloon Pokémon,2,Normal,Fairy,1.0,12.0,3,Cute Charm,Competitive,Frisk,435,140,70,45,85,50,45,50,70,196,Fast,1,Fairy,,25.0,10,1,1,1,1,1,1,1,2,1,1,1,0.5,1,0,0,0.5,2,1
41,Zubat,Zubat,ズバット (Zubat),1,0,0,0,Bat Pokémon,2,Poison,Flying,0.8,7.5,2,Inner Focus,,Infiltrator,245,40,45,35,30,40,55,255,70,49,Medium Fast,1,Flying,,50.0,15,1,1,1,2,0.25,2,0.25,0.5,0,1,2,0.25,2,1,1,1,1,0.5
42,Golbat,Golbat,ゴルバット (Golbat),1,0,0,0,Bat Pokémon,2,Poison,Flying,1.6,55.0,2,Inner Focus,,Infiltrator,455,75,80,70,65,75,90,90,70,159,Medium Fast,1,Flying,,50.0,15,1,1,1,2,0.25,2,0.25,0.5,0,1,2,0.25,2,1,1,1,1,0.5
43,Oddish,Myrapla,ナゾノクサ (Nazonokusa),1,0,0,0,Weed Pokémon,2,Grass,Poison,0.5,5.4,2,Chlorophyll,,Run Away,320,45,50,55,75,65,30,255,70,64,Medium Slow,1,Grass,,50.0,20,1,2,0.5,0.5,0.25,2,0.5,1,1,2,2,1,1,1,1,1,1,0.5
44,Gloom,Duflor,クサイハナ (Kusaihana),1,0,0,0,Weed Pokémon,2,Grass,Poison,0.8,8.6,2,Chlorophyll,,Stench,395,60,65,70,85,75,40,120,70,138,Medium Slow,1,Grass,,50.0,20,1,2,0.5,0.5,0.25,2,0.5,1,1,2,2,1,1,1,1,1,1,0.5
45,Vileplume,Giflor,ラフレシア (Ruffresia),1,0,0,0,Flower Pokémon,2,Grass,Poison,1.2,18.6,2,Chlorophyll,,Effect Spore,490,75,80,85,110,90,50,45,70,221,Medium Slow,1,Grass,,50.0,20,1,2,0.5,0.5,0.25,2,0.5,1,1,2,2,1,1,1,1,1,1,0.5
46,Paras,Paras,パラス (Paras),1,0,0,0,Mushroom Pokémon,2,Bug,Grass,0.3,5.4,3,Effect Spore,Dry Skin,Damp,285,35,70,55,45,55,25,190,70,57,Medium Fast,2,Bug,Grass,50.0,20,1,4,0.5,0.5,0.25,2,0.5,2,0.25,4,1,2,2,1,1,1,1,1
47,Parasect,Parasek,パラセクト (Parasect),1,0,0,0,Mushroom Pokémon,2,Bug,Grass,1.0,29.5,3,Effect Spore,Dry Skin,Damp,405,60,95,80,60,80,30,75,70,142,Medium Fast,2,Bug,Grass,50.0,20,1,4,0.5,0.5,0.25,2,0.5,2,0.25,4,1,2,2,1,1,1,1,1
48,Venonat,Bluzuk,コンパン (Kongpang),1,0,0,0,Insect Pokémon,2,Bug,Poison,1.0,30.0,3,Compound Eyes,Tinted Lens,Run Away,305,60,55,50,40,55,45,190,70,61,Medium Fast,1,Bug,,50.0,20,1,2,1,1,0.25,1,0.25,0.5,1,2,2,0.5,2,1,1,1,1,0.5
49,Venomoth,Omot,モルフォン (Morphon),1,0,0,0,Poison Moth Pokémon,2,Bug,Poison,1.5,12.5,3,Shield Dust,Tinted Lens,Wonder Skin,450,70,65,60,90,75,90,75,70,158,Medium Fast,1,Bug,,50.0,20,1,2,1,1,0.25,1,0.25,0.5,1,2,2,0.5,2,1,1,1,1,0.5
50,Diglett,Digda,ディグダ (Digda),1,0,0,0,Mole Pokémon,1,Ground,,0.2,0.8,3,Sand Veil,Arena Trap,Sand Force,265,10,55,25,35,45,95,255,70,53,Medium Fast,1,Field,,50.0,20,1,1,2,0,2,2,1,0.5,1,1,1,1,0.5,1,1,1,1,1
50,Alolan Diglett,Digda,ディグダ (Digda),1,0,0,0,Mole Pokémon,2,Ground,Steel,0.2,1.0,3,Sand Veil,Tangling Hair,Sand Force,265,10,55,30,35,45,90,255,70,53,Medium Fast,1,Field,,50.0,20,0.5,2,2,0,1,1,2,0,2,0.5,0.5,0.5,0.25,1,0.5,1,0.5,0.5
51,Dugtrio,Digdri,ダグトリオ (Dugtrio),1,0,0,0,Mole Pokémon,1,Ground,,0.7,33.3,3,Sand Veil,Arena Trap,Sand Force,425,35,100,50,50,70,120,50,70,149,Medium Fast,1,Field,,50.0,20,1,1,2,0,2,2,1,0.5,1,1,1,1,0.5,1,1,1,1,1
51,Alolan Dugtrio,Digdri,ダグトリオ (Dugtrio),1,0,0,0,Mole Pokémon,2,Ground,Steel,0.7,66.6,3,Sand Veil,Tangling Hair,Sand Force,425,35,100,60,50,70,110,50,70,149,Medium Fast,1,Field,,50.0,20,0.5,2,2,0,1,1,2,0,2,0.5,0.5,0.5,0.25,1,0.5,1,0.5,0.5
52,Meowth,Mauzi,ニャース (Nyarth),1,0,0,0,Scratch Cat Pokémon,1,Normal,,0.4,4.2,3,Pickup,Technician,Unnerve,290,40,45,35,40,40,90,255.0,70.0,58.0,Medium Fast,1,Field,,50.0,20,1,1,1,1,1,1,2,1,1,1,1,1,1,0,1,1,1,1
52,Alolan Meowth,Mauzi,ニャース (Nyarth),1,0,0,0,Scratch Cat Pokémon,1,Dark,,0.4,4.2,3,Pickup,Technician,Rattled,290,40,35,35,50,40,90,255.0,70.0,58.0,Medium Fast,1,Field,,50.0,20,1,1,1,1,1,1,2,1,1,1,0,2,1,0.5,1,0.5,1,2
52,Galarian Meowth,Mauzi,ニャース (Nyarth),1,0,0,0,Scratch Cat Pokémon,1,Steel,,0.4,7.5,3,Pickup,Tough Claws,Unnerve,290,50,65,55,40,40,40,,,,Medium Fast,1,Field,,,20,0.5,2,1,1,0.5,0.5,2,0,2,0.5,0.5,0.5,0.5,1,0.5,1,0.5,0.5
53,Persian,Snobilikat,ペルシアン (Persian),1,0,0,0,Classy Cat Pokémon,1,Normal,,1.0,32.0,3,Limber,Technician,Unnerve,440,65,70,60,65,65,115,90,70,154,Medium Fast,1,Field,,50.0,20,1,1,1,1,1,1,2,1,1,1,1,1,1,0,1,1,1,1
53,Alolan Persian,Snobilikat,ペルシアン (Persian),1,0,0,0,Classy Cat Pokémon,1,Dark,,1.1,33.0,3,Fur Coat,Technician,Rattled,440,65,60,60,75,65,115,90,70,154,Medium Fast,1,Field,,50.0,20,1,1,1,1,1,1,2,1,1,1,0,2,1,0.5,1,0.5,1,2
54,Psyduck,Enton,コダック (Koduck),1,0,0,0,Duck Pokémon,1,Water,,0.8,19.6,3,Damp,Cloud Nine,Swift Swim,320,50,52,48,65,50,55,190,70,64,Medium Fast,2,Field,Water 1,50.0,20,1,0.5,0.5,2,2,0.5,1,1,1,1,1,1,1,1,1,1,0.5,1
55,Golduck,Entoron,ゴルダック (Golduck),1,0,0,0,Duck Pokémon,1,Water,,1.7,76.6,3,Damp,Cloud Nine,Swift Swim,500,80,82,78,95,80,85,75,70,175,Medium Fast,2,Field,Water 1,50.0,20,1,0.5,0.5,2,2,0.5,1,1,1,1,1,1,1,1,1,1,0.5,1
56,Mankey,Menki,マンキー (Mankey),1,0,0,0,Pig Monkey Pokémon,1,Fighting,,0.5,28.0,3,Vital Spirit,Anger Point,Defiant,305,40,80,35,35,45,70,190,70,61,Medium Fast,1,Field,,50.0,20,1,1,1,1,1,1,1,1,1,2,2,0.5,0.5,1,1,0.5,1,2
57,Primeape,Rasaff,オコリザル (Okorizaru),1,0,0,0,Pig Monkey Pokémon,1,Fighting,,1.0,32.0,3,Vital Spirit,Anger Point,Defiant,455,65,105,60,60,70,95,75,70,159,Medium Fast,1,Field,,50.0,20,1,1,1,1,1,1,1,1,1,2,2,0.5,0.5,1,1,0.5,1,2
58,Growlithe,Fukano,ガーディ (Gardie),1,0,0,0,Puppy Pokémon,1,Fire,,0.7,19.0,3,Intimidate,Flash Fire,Justified,350,55,70,45,70,50,60,190,70,70,Slow,1,Field,,75.0,20,1,0.5,2,1,0.5,0.5,1,1,2,1,1,0.5,2,1,1,1,0.5,0.5
59,Arcanine,Arkani,ウインディ (Windie),1,0,0,0,Legendary Pokémon,1,Fire,,1.9,155.0,3,Intimidate,Flash Fire,Justified,555,90,110,80,100,80,95,75,70,194,Slow,1,Field,,75.0,20,1,0.5,2,1,0.5,0.5,1,1,2,1,1,0.5,2,1,1,1,0.5,0.5
60,Poliwag,Quapsel,ニョロモ (Nyoromo),1,0,0,0,Tadpole Pokémon,1,Water,,0.6,12.4,3,Water Absorb,Damp,Swift Swim,300,40,50,40,40,40,90,255,70,60,Medium Slow,1,Water 1,,50.0,20,1,0.5,0,2,2,0.5,1,1,1,1,1,1,1,1,1,1,0.5,1
61,Poliwhirl,Quaputzi,ニョロゾ (Nyorozo),1,0,0,0,Tadpole Pokémon,1,Water,,1.0,20.0,3,Water Absorb,Damp,Swift Swim,385,65,65,65,50,50,90,120,70,135,Medium Slow,1,Water 1,,50.0,20,1,0.5,0,2,2,0.5,1,1,1,1,1,1,1,1,1,1,0.5,1
62,Poliwrath,Quappo,ニョロボン (Nyorobon),1,0,0,0,Tadpole Pokémon,2,Water,Fighting,1.3,54.0,3,Water Absorb,Damp,Swift Swim,510,90,95,95,70,90,70,45,70,230,Medium Slow,1,Water 1,,50.0,20,1,0.5,0,2,2,0.5,1,1,1,2,2,0.5,0.5,1,1,0.5,0.5,2
63,Abra,Abra,ケーシィ (Casey),1,0,0,0,Psi Pokémon,1,Psychic,,0.9,19.5,3,Synchronize,Inner Focus,Magic Guard,310,25,20,15,105,55,90,200,70,62,Medium Slow,1,Human-Like,,75.0,20,1,1,1,1,1,1,0.5,1,1,1,0.5,2,1,2,1,2,1,1
64,Kadabra,Kadabra,ユンゲラー (Yungerer),1,0,0,0,Psi Pokémon,1,Psychic,,1.3,56.5,3,Synchronize,Inner Focus,Magic Guard,400,40,35,30,120,70,105,100,70,140,Medium Slow,1,Human-Like,,75.0,20,1,1,1,1,1,1,0.5,1,1,1,0.5,2,1,2,1,2,1,1
65,Alakazam,Simsala,フーディン (Foodin),1,0,0,0,Psi Pokémon,1,Psychic,,1.5,48.0,3,Synchronize,Inner Focus,Magic Guard,500,55,50,45,135,95,120,50,70,225,Medium Slow,1,Human-Like,,75.0,20,1,1,1,1,1,1,0.5,1,1,1,0.5,2,1,2,1,2,1,1
65,Mega Alakazam,Simsala,フーディン (Foodin),1,0,0,0,Psi Pokémon,1,Psychic,,1.2,48.0,1,Trace,,,600,55,50,65,175,105,150,50,70,270,Medium Slow,1,Human-Like,,75.0,20,1,1,1,1,1,1,0.5,1,1,1,0.5,2,1,2,1,2,1,1
66,Machop,Machollo,ワンリキー (Wanriky),1,0,0,0,Superpower Pokémon,1,Fighting,,0.8,19.5,3,Guts,No Guard,Steadfast,305,70,80,50,35,35,35,180,70,61,Medium Slow,1,Human-Like,,75.0,20,1,1,1,1,1,1,1,1,1,2,2,0.5,0.5,1,1,0.5,1,2
67,Machoke,Maschock,ゴーリキー (Goriky),1,0,0,0,Superpower Pokémon,1,Fighting,,1.5,70.5,3,Guts,No Guard,Steadfast,405,80,100,70,50,60,45,90,70,142,Medium Slow,1,Human-Like,,75.0,20,1,1,1,1,1,1,1,1,1,2,2,0.5,0.5,1,1,0.5,1,2
68,Machamp,Machomei,カイリキー (Kairiky),1,0,0,0,Superpower Pokémon,1,Fighting,,1.6,130.0,3,Guts,No Guard,Steadfast,505,90,130,80,65,85,55,45,70,227,Medium Slow,1,Human-Like,,75.0,20,1,1,1,1,1,1,1,1,1,2,2,0.5,0.5,1,1,0.5,1,2
69,Bellsprout,Knofensa,マダツボミ (Madatsubomi),1,0,0,0,Flower Pokémon,2,Grass,Poison,0.7,4.0,2,Chlorophyll,,Gluttony,300,50,75,35,70,30,40,255,70,60,Medium Slow,1,Grass,,50.0,20,1,2,0.5,0.5,0.25,2,0.5,1,1,2,2,1,1,1,1,1,1,0.5
70,Weepinbell,Ultrigaria,ウツドン (Utsudon),1,0,0,0,Flycatcher Pokémon,2,Grass,Poison,1.0,6.4,2,Chlorophyll,,Gluttony,390,65,90,50,85,45,55,120,70,137,Medium Slow,1,Grass,,50.0,20,1,2,0.5,0.5,0.25,2,0.5,1,1,2,2,1,1,1,1,1,1,0.5
71,Victreebel,Sarzenia,ウツボット (Utsubot),1,0,0,0,Flycatcher Pokémon,2,Grass,Poison,1.7,15.5,2,Chlorophyll,,Gluttony,490,80,105,65,100,70,70,45,70,221,Medium Slow,1,Grass,,50.0,20,1,2,0.5,0.5,0.25,2,0.5,1,1,2,2,1,1,1,1,1,1,0.5
72,Tentacool,Tentacha,メノクラゲ (Menokurage),1,0,0,0,Jellyfish Pokémon,2,Water,Poison,0.9,45.5,3,Clear Body,Liquid Ooze,Rain Dish,335,40,40,35,50,100,70,190,70,67,Slow,1,Water 3,,50.0,20,1,0.5,0.5,2,1,0.5,0.5,0.5,2,1,2,0.5,1,1,1,1,0.5,0.5
73,Tentacruel,Tentoxa,ドククラゲ (Dokukurage),1,0,0,0,Jellyfish Pokémon,2,Water,Poison,1.6,55.0,3,Clear Body,Liquid Ooze,Rain Dish,515,80,70,65,80,120,100,60,70,180,Slow,1,Water 3,,50.0,20,1,0.5,0.5,2,1,0.5,0.5,0.5,2,1,2,0.5,1,1,1,1,0.5,0.5
74,Geodude,Kleinstein,イシツブテ (Isitsubute),1,0,0,0,Rock Pokémon,2,Rock,Ground,0.4,20.0,3,Rock Head,Sturdy,Sand Veil,300,40,80,100,30,30,20,255,70,60,Medium Slow,1,Mineral,,50.0,15,0.5,0.5,4,0,4,2,2,0.25,2,0.5,1,1,0.5,1,1,1,2,1
74,Alolan Geodude,Kleinstein,イシツブテ (Isitsubute),1,0,0,0,Rock Pokémon,2,Rock,Electric,0.4,20.3,3,Magnet Pull,Sturdy,Galvanize,300,40,80,100,30,30,20,255,70,60,Medium Slow,1,Mineral,,50.0,15,0.5,0.5,2,0.5,2,1,2,0.5,4,0.25,1,1,1,1,1,1,1,1
75,Graveler,Georok,ゴローン (Golone),1,0,0,0,Rock Pokémon,2,Rock,Ground,1.0,105.0,3,Rock Head,Sturdy,Sand Veil,390,55,95,115,45,45,35,120,70,137,Medium Slow,1,Mineral,,50.0,15,0.5,0.5,4,0,4,2,2,0.25,2,0.5,1,1,0.5,1,1,1,2,1
75,Alolan Graveler,Georok,ゴローン (Golone),1,0,0,0,Rock Pokémon,2,Rock,Electric,1.0,110.0,3,Magnet Pull,Sturdy,Galvanize,390,55,95,115,45,45,35,120,70,137,Medium Slow,1,Mineral,,50.0,15,0.5,0.5,2,0.5,2,1,2,0.5,4,0.25,1,1,1,1,1,1,1,1
76,Golem,Geowaz,ゴローニャ (Golonya),1,0,0,0,Megaton Pokémon,2,Rock,Ground,1.4,300.0,3,Rock Head,Sturdy,Sand Veil,495,80,120,130,55,65,45,45,70,223,Medium Slow,1,Mineral,,50.0,15,0.5,0.5,4,0,4,2,2,0.25,2,0.5,1,1,0.5,1,1,1,2,1
76,Alolan Golem,Geowaz,ゴローニャ (Golonya),1,0,0,0,Megaton Pokémon,2,Rock,Electric,1.7,316.0,3,Magnet Pull,Sturdy,Galvanize,495,80,120,130,55,65,45,45,70,223,Medium Slow,1,Mineral,,50.0,15,0.5,0.5,2,0.5,2,1,2,0.5,4,0.25,1,1,1,1,1,1,1,1
77,Ponyta,Ponita,ポニータ (Ponyta),1,0,0,0,Fire Horse Pokémon,1,Fire,,1.0,30.0,3,Run Away,Flash Fire,Flame Body,410,50,85,55,65,65,90,190.0,70.0,82.0,Medium Fast,1,Field,,50.0,20,1,0.5,2,1,0.5,0.5,1,1,2,1,1,0.5,2,1,1,1,0.5,0.5
77,Galarian Ponyta,Ponita,ポニータ (Ponyta),1,0,0,0,Unique Horn Pokémon,1,Psychic,,0.8,24.0,3,Run Away,Pastel Veil,Anticipation,410,50,85,55,65,65,90,,,,Medium Fast,1,Field,,,20,1,0,2,1,0.5,0.5,1,1,2,1,1,0.5,2,1,1,1,0.5,0.5
78,Rapidash,Gallopa,ギャロップ (Gallop),1,0,0,0,Fire Horse Pokémon,1,Fire,,1.7,95.0,3,Run Away,Flash Fire,Flame Body,500,65,100,70,80,80,105,60.0,70.0,175.0,Medium Fast,1,Field,,50.0,20,1,0.5,2,1,0.5,0.5,1,1,2,1,1,0.5,2,1,1,1,0.5,0.5
78,Galarian Rapidash,Gallopa,ギャロップ (Gallop),1,0,0,0,Unique Horn Pokémon,2,Psychic,Fairy,1.7,80.0,3,Run Away,Pastel Veil,Anticipation,500,65,100,70,80,80,105,,,,Medium Fast,1,Field,,,20,1,0,2,1,0.5,0.5,1,1,2,1,1,0.5,2,1,1,1,0.5,0.5
79,Slowpoke,Flegmon,ヤドン (Yadon),1,0,0,0,Dopey Pokémon,2,Water,Psychic,1.2,36.0,3,Oblivious,Own Tempo,Regenerator,315.0,90.0,65.0,65.0,40.0,40.0,15.0,190.0,70.0,63.0,Medium Fast,2,Monster,Water 1,50.0,20.0,1,0.5,0.5,2,2,0.5,0.5,1,1,1,0.5,2,1,2,1,2,0.5,1
80,Slowbro,Lahmus,ヤドラン (Yadoran),1,0,0,0,Hermit Crab Pokémon,2,Water,Psychic,1.6,78.5,3,Oblivious,Own Tempo,Regenerator,490.0,95.0,75.0,110.0,100.0,80.0,30.0,75.0,70.0,172.0,Medium Fast,2,Monster,Water 1,50.0,20.0,1,0.5,0.5,2,2,0.5,0.5,1,1,1,0.5,2,1,2,1,2,0.5,1
80,Mega Slowbro,Lahmus,ヤドラン (Yadoran),1,0,0,0,Hermit Crab Pokémon,2,Water,Psychic,2.0,120.0,1,Shell Armor,,,590.0,95.0,75.0,180.0,130.0,80.0,30.0,75.0,70.0,207.0,Medium Fast,2,Monster,Water 1,50.0,20.0,1,0.5,0.5,2,2,0.5,0.5,1,1,1,0.5,2,1,2,1,2,0.5,1
81,Magnemite,Magnetilo,コイル (Coil),1,0,0,0,Magnet Pokémon,2,Electric,Steel,0.3,6.0,3,Magnet Pull,Sturdy,Analytic,325,25,35,70,95,55,45,190,70,65,Medium Fast,1,Mineral,,,20,0.5,2,1,0.5,0.5,0.5,2,0,4,0.25,0.5,0.5,0.5,1,0.5,1,0.25,0.5
82,Magneton,Magneton,レアコイル (Rarecoil),1,0,0,0,Magnet Pokémon,2,Electric,Steel,1.0,60.0,3,Magnet Pull,Sturdy,Analytic,465,50,60,95,120,70,70,60,70,163,Medium Fast,1,Mineral,,,20,0.5,2,1,0.5,0.5,0.5,2,0,4,0.25,0.5,0.5,0.5,1,0.5,1,0.25,0.5
83,Farfetch'd,Porenta,カモネギ (Kamonegi),1,0,0,0,Wild Duck Pokémon,2,Normal,Flying,0.8,15.0,3,Keen Eye,Inner Focus,Defiant,377,52,90,55,58,62,60,45.0,70.0,132.0,Medium Fast,2,Field,Flying,50.0,20,1,1,1,2,0.5,2,1,1,0,1,1,0.5,2,0,1,1,1,1
83,Galarian Farfetch'd,Porenta,カモネギ (Kamonegi),1,0,0,0,Wild Duck Pokémon,1,Fighting,,0.8,42.0,2,Steadfast,,Scrappy,377,52,95,55,58,62,55,,,,Medium Fast,2,Field,Flying,,20,1,1,1,1,1,1,1,1,1,2,2,0.5,0.5,1,1,0.5,1,2
84,Doduo,Dodu,ドードー (Dodo),1,0,0,0,Twin Bird Pokémon,2,Normal,Flying,1.4,39.2,3,Run Away,Early Bird,Tangled Feet,310,35,85,45,35,35,75,190,70,62,Medium Fast,1,Flying,,50.0,20,1,1,1,2,0.5,2,1,1,0,1,1,0.5,2,0,1,1,1,1
85,Dodrio,Dodri,ドードリオ (Dodorio),1,0,0,0,Triple Bird Pokémon,2,Normal,Flying,1.8,85.2,3,Run Away,Early Bird,Tangled Feet,470,60,110,70,60,60,110,45,70,165,Medium Fast,1,Flying,,50.0,20,1,1,1,2,0.5,2,1,1,0,1,1,0.5,2,0,1,1,1,1
86,Seel,Jurob,パウワウ (Pawou),1,0,0,0,Sea Lion Pokémon,1,Water,,1.1,90.0,3,Thick Fat,Hydration,Ice Body,325,65,45,55,45,70,45,190,70,65,Medium Fast,2,Field,Water 1,50.0,20,1,0.25,0.5,2,2,0.25,1,1,1,1,1,1,1,1,1,1,0.5,1
87,Dewgong,Jugong,ジュゴン (Jugon),1,0,0,0,Sea Lion Pokémon,2,Water,Ice,1.7,120.0,3,Thick Fat,Hydration,Ice Body,475,90,70,80,70,95,70,75,70,166,Medium Fast,2,Field,Water 1,50.0,20,1,0.5,0.5,2,2,0.125,2,1,1,1,1,1,2,1,1,1,1,1
88,Grimer,Sleima,ベトベター (Betbeter),1,0,0,0,Sludge Pokémon,1,Poison,,0.9,30.0,3,Stench,Sticky Hold,Poison Touch,325,80,80,50,40,50,25,190,70,65,Medium Fast,1,Amorphous,,50.0,20,1,1,1,1,0.5,1,0.5,0.5,2,1,2,0.5,1,1,1,1,1,0.5
88,Alolan Grimer,Sleima,ベトベター (Betbeter),1,0,0,0,Sludge Pokémon,2,Poison,Dark,0.7,42.0,3,Poison Touch,Gluttony,Power of Alchemy,325,80,80,50,40,50,25,190,70,65,Medium Fast,1,Amorphous,,50.0,20,1,1,1,1,0.5,1,1,0.5,2,1,0,1,1,0.5,1,0.5,1,1
89,Muk,Sleimok,ベトベトン (Betbeton),1,0,0,0,Sludge Pokémon,1,Poison,,1.2,30.0,3,Stench,Sticky Hold,Poison Touch,500,105,105,75,65,100,50,75,70,175,Medium Fast,1,Amorphous,,50.0,20,1,1,1,1,0.5,1,0.5,0.5,2,1,2,0.5,1,1,1,1,1,0.5
89,Alolan Muk,Sleimok,ベトベトン (Betbeton),1,0,0,0,Sludge Pokémon,2,Poison,Dark,1.0,52.0,3,Poison Touch,Gluttony,Power of Alchemy,500,105,105,75,65,100,50,75,70,175,Medium Fast,1,Amorphous,,50.0,20,1,1,1,1,0.5,1,1,0.5,2,1,0,1,1,0.5,1,0.5,1,1
90,Shellder,Muschas,シェルダー (Shellder),1,0,0,0,Bivalve Pokémon,1,Water,,0.3,4.0,3,Shell Armor,Skill Link,Overcoat,305,30,65,100,45,25,40,190,70,61,Slow,1,Water 3,,50.0,20,1,0.5,0.5,2,2,0.5,1,1,1,1,1,1,1,1,1,1,0.5,1
91,Cloyster,Austos,パルシェン (Parshen),1,0,0,0,Bivalve Pokémon,2,Water,Ice,1.5,132.5,3,Shell Armor,Skill Link,Overcoat,525,50,95,180,85,45,70,60,70,184,Slow,1,Water 3,,50.0,20,1,1,0.5,2,2,0.25,2,1,1,1,1,1,2,1,1,1,1,1
92,Gastly,Nebulak,ゴース (Ghos),1,0,0,0,Gas Pokémon,2,Ghost,Poison,1.3,0.1,1,Levitate,,,310,30,35,30,100,35,80,190,70,62,Medium Slow,1,Amorphous,,50.0,20,0,1,1,1,0.5,1,0,0.25,0,1,2,0.25,1,2,1,2,1,0.5
93,Haunter,Alpollo,ゴースト (Ghost),1,0,0,0,Gas Pokémon,2,Ghost,Poison,1.6,0.1,1,Levitate,,,405,45,50,45,115,55,95,90,70,142,Medium Slow,1,Amorphous,,50.0,20,0,1,1,1,0.5,1,0,0.25,0,1,2,0.25,1,2,1,2,1,0.5
94,Gengar,Gengar,ゲンガー (Gangar),1,0,0,0,Shadow Pokémon,2,Ghost,Poison,1.5,40.5,1,Cursed Body,,,500,60,65,60,130,75,110,45,70,225,Medium Slow,1,Amorphous,,50.0,20,0,1,1,1,0.5,1,0,0.25,2,1,2,0.25,1,2,1,2,1,0.5
94,Mega Gengar,Gengar,ゲンガー (Gangar),1,0,0,0,Shadow Pokémon,2,Ghost,Poison,1.4,40.5,1,Shadow Tag,,,600,60,65,80,170,95,130,45,70,270,Medium Slow,1,Amorphous,,50.0,20,0,1,1,1,0.5,1,0,0.25,2,1,2,0.25,1,2,1,2,1,0.5
95,Onix,Onix,イワーク (Iwark),1,0,0,0,Rock Snake Pokémon,2,Rock,Ground,8.8,210.0,3,Rock Head,Sturdy,Weak Armor,385,35,45,160,30,45,70,45,70,77,Medium Fast,1,Mineral,,50.0,25,0.5,0.5,4,0,4,2,2,0.25,2,0.5,1,1,0.5,1,1,1,2,1
96,Drowzee,Traumato,スリープ (Sleepe),1,0,0,0,Hypnosis Pokémon,1,Psychic,,1.0,32.4,3,Insomnia,Forewarn,Inner Focus,328,60,48,45,43,90,42,190,70,66,Medium Fast,1,Human-Like,,50.0,20,1,1,1,1,1,1,0.5,1,1,1,0.5,2,1,2,1,2,1,1
97,Hypno,Hypno,スリーパー (Sleeper),1,0,0,0,Hypnosis Pokémon,1,Psychic,,1.6,75.6,3,Insomnia,Forewarn,Inner Focus,483,85,73,70,73,115,67,75,70,169,Medium Fast,1,Human-Like,,50.0,20,1,1,1,1,1,1,0.5,1,1,1,0.5,2,1,2,1,2,1,1
98,Krabby,Krabby,クラブ (Crab),1,0,0,0,River Crab Pokémon,1,Water,,0.4,6.5,3,Hyper Cutter,Shell Armor,Sheer Force,325,30,105,90,25,25,50,225,70,65,Medium Fast,1,Water 3,,50.0,20,1,0.5,0.5,2,2,0.5,1,1,1,1,1,1,1,1,1,1,0.5,1
99,Kingler,Kingler,キングラー (Kingler),1,0,0,0,Pincer Pokémon,1,Water,,1.3,60.0,3,Hyper Cutter,Shell Armor,Sheer Force,475,55,130,115,50,50,75,60,70,166,Medium Fast,1,Water 3,,50.0,20,1,0.5,0.5,2,2,0.5,1,1,1,1,1,1,1,1,1,1,0.5,1
100,Voltorb,Voltobal,ビリリダマ (Biriridama),1,0,0,0,Ball Pokémon,1,Electric,,0.5,10.4,3,Soundproof,Static,Aftermath,330,40,30,50,55,55,100,190,70,66,Medium Fast,1,Mineral,,,20,1,1,1,0.5,1,1,1,1,2,0.5,1,1,1,1,1,1,0.5,1
101,Electrode,Lektrobal,マルマイン (Marumine),1,0,0,0,Ball Pokémon,1,Electric,,1.2,66.6,3,Soundproof,Static,Aftermath,490,60,50,70,80,80,150,60,70,172,Medium Fast,1,Mineral,,,20,1,1,1,0.5,1,1,1,1,2,0.5,1,1,1,1,1,1,0.5,1
102,Exeggcute,Owei,タマタマ (Tamatama),1,0,0,0,Egg Pokémon,2,Grass,Psychic,0.4,2.5,2,Chlorophyll,,Harvest,325,60,40,80,60,45,40,90,70,65,Slow,1,Grass,,50.0,20,1,2,0.5,0.5,0.5,2,0.5,2,0.5,2,0.5,4,1,2,1,2,1,1
103,Exeggutor,Kokowei,ナッシー (Nassy),1,0,0,0,Coconut Pokémon,2,Grass,Psychic,2.0,120.0,2,Chlorophyll,,Harvest,530,95,95,85,125,75,55,45,70,186,Slow,1,Grass,,50.0,20,1,2,0.5,0.5,0.5,2,0.5,2,0.5,2,0.5,4,1,2,1,2,1,1
103,Alolan Exeggutor,Kokowei,ナッシー (Nassy),1,0,0,0,Coconut Pokémon,2,Grass,Dragon,10.9,415.6,2,Frisk,,Harvest,530,95,105,85,125,75,45,45,70,186,Slow,1,Grass,,50.0,20,1,1,0.25,0.25,0.25,4,1,2,0.5,2,1,2,1,1,2,1,1,2
104,Cubone,Tragosso,カラカラ (Karakara),1,0,0,0,Lonely Pokémon,1,Ground,,0.4,6.5,3,Rock Head,Lightning Rod,Battle Armor,320,50,50,95,40,50,35,190,70,64,Medium Fast,1,Monster,,50.0,20,1,1,2,0,2,2,1,0.5,1,1,1,1,0.5,1,1,1,1,1
105,Marowak,Knogga,ガラガラ (Garagara),1,0,0,0,Bone Keeper Pokémon,1,Ground,,1.0,45.0,3,Rock Head,Lightning Rod,Battle Armor,425,60,80,110,50,80,45,75,70,149,Medium Fast,1,Monster,,50.0,20,1,1,2,0,2,2,1,0.5,1,1,1,1,0.5,1,1,1,1,1
105,Alolan Marowak,Knogga,ガラガラ (Garagara),1,0,0,0,Bone Keeper Pokémon,2,Fire,Ghost,1.0,34.0,3,Cursed Body,Lightning Rod,Rock Head,425,60,80,110,50,80,45,75,70,149,Medium Fast,1,Monster,,50.0,20,0,0.5,2,1,0.5,0.5,0,0.5,2,1,1,0.25,2,2,1,2,0.5,0.5
106,Hitmonlee,Kicklee,サワムラー (Sawamular),1,0,0,0,Kicking Pokémon,1,Fighting,,1.5,49.8,3,Limber,Reckless,Unburden,455,50,120,53,35,110,87,45,70,159,Medium Fast,1,Human-Like,,100.0,25,1,1,1,1,1,1,1,1,1,2,2,0.5,0.5,1,1,0.5,1,2
107,Hitmonchan,Nockchan,エビワラー (Ebiwalar),1,0,0,0,Punching Pokémon,1,Fighting,,1.4,50.2,3,Keen Eye,Iron Fist,Inner Focus,455,50,105,79,35,110,76,45,70,159,Medium Fast,1,Human-Like,,100.0,25,1,1,1,1,1,1,1,1,1,2,2,0.5,0.5,1,1,0.5,1,2
108,Lickitung,Schlurp,ベロリンガ (Beroringa),1,0,0,0,Licking Pokémon,1,Normal,,1.2,65.5,3,Own Tempo,Oblivious,Cloud Nine,385,90,55,75,60,75,30,45,70,77,Medium Fast,1,Monster,,50.0,20,1,1,1,1,1,1,2,1,1,1,1,1,1,0,1,1,1,1
109,Koffing,Smogon,ドガース (Dogars),1,0,0,0,Poison Gas Pokémon,1,Poison,,0.6,1.0,3,Levitate,Neutralizing Gas,Stench,340,40,65,95,60,45,35,190,70,68,Medium Fast,1,Amorphous,,50.0,20,1,1,1,1,0.5,1,0.5,0.5,0,1,2,0.5,1,1,1,1,1,0.5
110,Weezing,Smogmog,マタドガス (Matadogas),1,0,0,0,Poison Gas Pokémon,1,Poison,,1.2,9.5,3,Levitate,Neutralizing Gas,Stench,490,65,90,120,85,70,60,60.0,70.0,172.0,Medium Fast,1,Amorphous,,50.0,20,1,1,1,1,0.5,1,0.5,0.5,0,1,2,0.5,1,1,1,1,1,0.5
110,Galarian Weezing,Smogmog,マタドガス (Matadogas),1,0,0,0,Poison Gas Pokémon,2,Poison,Fairy,3.0,16.0,3,Levitate,Neutralizing Gas,Misty Surge,490,65,90,120,85,70,60,,,,Medium Fast,1,Amorphous,,,20,1,1,1,1,0.5,1,0.5,0.5,2,1,2,0.5,1,1,1,1,1,0.5
111,Rhyhorn,Rihorn,サイホーン (Sihorn),1,0,0,0,Spikes Pokémon,2,Ground,Rock,1.0,115.0,3,Lightning Rod,Rock Head,Reckless,345,80,85,95,30,30,25,120,70,69,Slow,2,Field,Monster,50.0,20,0.5,0.5,4,0,4,2,2,0.25,2,0.5,1,1,0.5,1,1,1,2,1
112,Rhydon,Rizeros,サイドン (Sidon),1,0,0,0,Drill Pokémon,2,Ground,Rock,1.9,120.0,3,Lightning Rod,Rock Head,Reckless,485,105,130,120,45,45,40,60,70,170,Slow,2,Field,Monster,50.0,20,0.5,0.5,4,0,4,2,2,0.25,2,0.5,1,1,0.5,1,1,1,2,1
113,Chansey,Chaneira,ラッキー (Lucky),1,0,0,0,Egg Pokémon,1,Normal,,1.1,34.6,3,Natural Cure,Serene Grace,Healer,450,250,5,5,35,105,50,30,140,395,Fast,1,Fairy,,0.0,40,1,1,1,1,1,1,2,1,1,1,1,1,1,0,1,1,1,1
114,Tangela,Tangela,モンジャラ (Monjara),1,0,0,0,Vine Pokémon,1,Grass,,1.0,35.0,3,Chlorophyll,Leaf Guard,Regenerator,435,65,55,115,100,40,60,45,70,87,Medium Fast,1,Grass,,50.0,20,1,2,0.5,0.5,0.5,2,1,2,0.5,2,1,2,1,1,1,1,1,1
115,Kangaskhan,Kangama,ガルーラ (Garura),1,0,0,0,Parent Pokémon,1,Normal,,2.2,80.0,3,Early Bird,Scrappy,Inner Focus,490,105,95,80,40,80,90,45,70,172,Medium Fast,1,Monster,,0.0,20,1,1,1,1,1,1,2,1,1,1,1,1,1,0,1,1,1,1
115,Mega Kangaskhan,Kangama,ガルーラ (Garura),1,0,0,0,Parent Pokémon,1,Normal,,2.2,100.0,1,Parental Bond,,,590,105,125,100,60,100,100,45,70,207,Medium Fast,1,Monster,,0.0,20,1,1,1,1,1,1,2,1,1,1,1,1,1,0,1,1,1,1
116,Horsea,Seeper,タッツー (Tattu),1,0,0,0,Dragon Pokémon,1,Water,,0.4,8.0,3,Swift Swim,Sniper,Damp,295,30,40,70,70,25,60,225,70,59,Medium Fast,2,Dragon,Water 1,50.0,20,1,0.5,0.5,2,2,0.5,1,1,1,1,1,1,1,1,1,1,0.5,1
117,Seadra,Seemon,シードラ (Seadra),1,0,0,0,Dragon Pokémon,1,Water,,1.2,25.0,3,Poison Point,Sniper,Damp,440,55,65,95,95,45,85,75,70,154,Medium Fast,2,Dragon,Water 1,50.0,20,1,0.5,0.5,2,2,0.5,1,1,1,1,1,1,1,1,1,1,0.5,1
118,Goldeen,Goldini,トサキント (Tosakinto),1,0,0,0,Goldfish Pokémon,1,Water,,0.6,15.0,3,Swift Swim,Water Veil,Lightning Rod,320,45,67,60,35,50,63,225,70,64,Medium Fast,1,Water 2,,50.0,20,1,0.5,0.5,2,2,0.5,1,1,1,1,1,1,1,1,1,1,0.5,1
119,Seaking,Golking,アズマオウ (Azumao),1,0,0,0,Goldfish Pokémon,1,Water,,1.3,39.0,3,Swift Swim,Water Veil,Lightning Rod,450,80,92,65,65,80,68,60,70,158,Medium Fast,1,Water 2,,50.0,20,1,0.5,0.5,2,2,0.5,1,1,1,1,1,1,1,1,1,1,0.5,1
120,Staryu,Sterndu,ヒトデマン (Hitodeman),1,0,0,0,Star Shape Pokémon,1,Water,,0.8,34.5,3,Illuminate,Natural Cure,Analytic,340,30,45,55,70,55,85,225,70,68,Slow,1,Water 3,,,20,1,0.5,0.5,2,2,0.5,1,1,1,1,1,1,1,1,1,1,0.5,1
121,Starmie,Starmie,スターミー (Starmie),1,0,0,0,Mysterious Pokémon,2,Water,Psychic,1.1,80.0,3,Illuminate,Natural Cure,Analytic,520,60,75,85,100,85,115,60,70,182,Slow,1,Water 3,,,20,1,0.5,0.5,2,2,0.5,0.5,1,1,1,0.5,2,1,2,1,2,0.5,1
122,Mr. Mime,Pantimos,バリヤード (Barrierd),1,0,0,0,Barrier Pokémon,2,Psychic,Fairy,1.3,54.5,3,Soundproof,Filter,Technician,460,40,45,65,100,120,90,45.0,70.0,161.0,Medium Fast,1,Human-Like,,50.0,25,1,1,1,1,1,1,0.25,2,1,1,0.5,1,1,2,0,1,2,1
122,Galarian Mr. Mime,Pantimos,バリヤード (Barrierd),1,0,0,0,Dancing Pokémon,2,Psychic,Ice,1.4,56.8,3,Vital Spirit,Screen Cleaner,Ice Body,460,50,65,65,90,90,100,,,,Medium Fast,1,Human-Like,,,25,1,1,1,1,1,1,0.25,1.5,1,1,0.5,1,1,1.5,0,1,1.5,1
123,Scyther,Sichlor,ストライク (Strike),1,0,0,0,Mantis Pokémon,2,Bug,Flying,1.5,56.0,3,Swarm,Technician,Steadfast,500,70,110,80,55,80,105,45,70,100,Medium Fast,1,Bug,,50.0,25,1,2,1,2,0.25,2,0.25,1,0,2,1,0.5,4,1,1,1,1,1
124,Jynx,Rossana,ルージュラ (Rougela),1,0,0,0,Human Shape Pokémon,2,Ice,Psychic,1.4,40.6,3,Oblivious,Forewarn,Dry Skin,455,65,50,35,115,95,95,45,70,159,Medium Fast,1,Human-Like,,0.0,25,1,2,1,1,1,0.5,1,1,1,1,0.5,2,2,2,1,2,2,1
125,Electabuzz,Elektek,エレブー (Eleboo),1,0,0,0,Electric Pokémon,1,Electric,,1.1,30.0,2,Static,,Vital Spirit,490,65,83,57,95,85,105,45,70,172,Medium Fast,1,Human-Like,,75.0,25,1,1,1,0.5,1,1,1,1,2,0.5,1,1,1,1,1,1,0.5,1
126,Magmar,Magmar,ブーバー (Boober),1,0,0,0,Spitfire Pokémon,1,Fire,,1.3,44.5,2,Flame Body,,Vital Spirit,495,65,95,57,100,85,93,45,70,173,Medium Fast,1,Human-Like,,75.0,25,1,0.5,2,1,0.5,0.5,1,1,2,1,1,0.5,2,1,1,1,0.5,0.5
127,Pinsir,Pinsir,カイロス (Kailios),1,0,0,0,Stag Beetle Pokémon,1,Bug,,1.5,55.0,3,Hyper Cutter,Mold Breaker,Moxie,500,65,125,100,55,70,85,45,70,175,Slow,1,Bug,,50.0,25,1,2,1,1,0.5,1,0.5,1,0.5,2,1,1,2,1,1,1,1,1
127,Mega Pinsir,Pinsir,カイロス (Kailios),1,0,0,0,Stag Beetle Pokémon,2,Bug,Flying,1.7,59.0,1,Aerilate,,,600,65,155,120,65,90,105,45,70,210,Slow,1,Bug,,50.0,25,1,2,1,2,0.25,2,0.25,1,0,2,1,0.5,4,1,1,1,1,1
128,Tauros,Tauros,ケンタロス (Kentauros),1,0,0,0,Wild Bull Pokémon,1,Normal,,1.4,88.4,3,Intimidate,Anger Point,Sheer Force,490,75,100,95,40,70,110,45,70,172,Slow,1,Field,,100.0,20,1,1,1,1,1,1,2,1,1,1,1,1,1,0,1,1,1,1
129,Magikarp,Karpador,コイキング (Koiking),1,0,0,0,Fish Pokémon,1,Water,,0.9,10.0,2,Swift Swim,,Rattled,200,20,10,55,15,20,80,255,70,40,Slow,2,Dragon,Water 2,50.0,5,1,0.5,0.5,2,2,0.5,1,1,1,1,1,1,1,1,1,1,0.5,1
130,Gyarados,Garados,ギャラドス (Gyarados),1,0,0,0,Atrocious Pokémon,2,Water,Flying,6.5,235.0,2,Intimidate,,Moxie,540,95,125,79,60,100,81,45,70,189,Slow,2,Dragon,Water 2,50.0,5,1,0.5,0.5,4,1,1,0.5,1,0,1,1,0.5,2,1,1,1,0.5,1
130,Mega Gyarados,Garados,ギャラドス (Gyarados),1,0,0,0,Atrocious Pokémon,2,Water,Dark,6.5,305.0,1,Mold Breaker,,,640,95,155,109,70,130,81,45,70,224,Slow,2,Dragon,Water 2,50.0,5,1,0.5,0.5,2,2,0.5,2,1,1,1,0,2,1,0.5,1,0.5,0.5,2
131,Lapras,Lapras,ラプラス (Laplace),1,0,0,0,Transport Pokémon,2,Water,Ice,2.5,220.0,3,Water Absorb,Shell Armor,Hydration,535,130,85,80,85,95,60,45,70,187,Slow,2,Monster,Water 1,50.0,40,1,1,0,2,2,0.25,2,1,1,1,1,1,2,1,1,1,1,1
132,Ditto,Ditto,メタモン (Metamon),1,0,0,0,Transform Pokémon,1,Normal,,0.3,4.0,2,Limber,,Imposter,288,48,48,48,48,48,48,35,70,101,Medium Fast,1,Ditto,,,20,1,1,1,1,1,1,2,1,1,1,1,1,1,0,1,1,1,1
133,Eevee,Evoli,イーブイ (Eievui),1,0,0,0,Evolution Pokémon,1,Normal,,0.3,6.5,3,Run Away,Adaptability,Anticipation,325,55,55,50,45,65,55,45,70,65,Medium Fast,1,Field,,87.5,35,1,1,1,1,1,1,2,1,1,1,1,1,1,0,1,1,1,1
133,Partner Eevee,Evoli,イーブイ (Eievui),1,0,0,0,Evolution Pokémon,1,Normal,,0.3,6.5,1,,,Anticipation,435,65,75,70,65,85,75,45,70,65,Medium Fast,0,,,87.5,35,1,1,1,1,1,1,2,1,1,1,1,1,1,0,1,1,1,1
134,Vaporeon,Aquana,シャワーズ (Showers),1,0,0,0,Bubble Jet Pokémon,1,Water,,1.0,29.0,2,Water Absorb,,Hydration,525,130,65,60,110,95,65,45,70,184,Medium Fast,1,Field,,87.5,35,1,0.5,0,2,2,0.5,1,1,1,1,1,1,1,1,1,1,0.5,1
135,Jolteon,Blitza,サンダース (Thunders),1,0,0,0,Lightning Pokémon,1,Electric,,0.8,24.5,2,Volt Absorb,,Quick Feet,525,65,65,60,110,95,130,45,70,184,Medium Fast,1,Field,,87.5,35,1,1,1,0,1,1,1,1,2,0.5,1,1,1,1,1,1,0.5,1
136,Flareon,Flamara,ブースター (Booster),1,0,0,0,Flame Pokémon,1,Fire,,0.9,25.0,2,Flash Fire,,Guts,525,65,130,60,95,110,65,45,70,184,Medium Fast,1,Field,,87.5,35,1,0,2,1,0.5,0.5,1,1,2,1,1,0.5,2,1,1,1,0.5,0.5
137,Porygon,Porygon,ポリゴン (Porygon),1,0,0,0,Virtual Pokémon,1,Normal,,0.8,36.5,3,Trace,Download,Analytic,395,65,60,70,85,75,40,45,70,79,Medium Fast,1,Mineral,,,20,1,1,1,1,1,1,2,1,1,1,1,1,1,0,1,1,1,1
138,Omanyte,Amonitas,オムナイト (Omnite),1,0,0,0,Spiral Pokémon,2,Rock,Water,0.4,7.5,3,Swift Swim,Shell Armor,Weak Armor,355,35,40,100,90,55,35,45,70,71,Medium Fast,2,Water 1,Water 3,87.5,30,0.5,0.25,1,2,4,0.5,2,0.5,2,0.5,1,1,1,1,1,1,1,1
139,Omastar,Amoroso,オムスター (Omstar),1,0,0,0,Spiral Pokémon,2,Rock,Water,1.0,35.0,3,Swift Swim,Shell Armor,Weak Armor,495,70,60,125,115,70,55,45,70,173,Medium Fast,2,Water 1,Water 3,87.5,30,0.5,0.25,1,2,4,0.5,2,0.5,2,0.5,1,1,1,1,1,1,1,1
140,Kabuto,Kabuto,カブト (Kabuto),1,0,0,0,Shellfish Pokémon,2,Rock,Water,0.5,11.5,3,Swift Swim,Battle Armor,Weak Armor,355,30,80,90,55,45,55,45,70,71,Medium Fast,2,Water 1,Water 3,87.5,30,0.5,0.25,1,2,4,0.5,2,0.5,2,0.5,1,1,1,1,1,1,1,1
141,Kabutops,Kabutops,カブトプス (Kabutops),1,0,0,0,Shellfish Pokémon,2,Rock,Water,1.3,40.5,3,Swift Swim,Battle Armor,Weak Armor,495,60,115,105,65,70,80,45,70,173,Medium Fast,2,Water 1,Water 3,87.5,30,0.5,0.25,1,2,4,0.5,2,0.5,2,0.5,1,1,1,1,1,1,1,1
142,Aerodactyl,Aerodactyl,プテラ (Ptera),1,0,0,0,Fossil Pokémon,2,Rock,Flying,1.8,59.0,3,Rock Head,Pressure,Unnerve,515,80,105,65,60,75,130,45,70,180,Slow,1,Flying,,87.5,35,0.5,0.5,2,2,1,2,1,0.5,0,0.5,1,0.5,2,1,1,1,2,1
142,Mega Aerodactyl,Aerodactyl,プテラ (Ptera),1,0,0,0,Fossil Pokémon,2,Rock,Flying,2.1,79.0,1,Tough Claws,,,615,80,135,85,70,95,150,45,70,215,Slow,1,Flying,,87.5,35,0.5,0.5,2,2,1,2,1,0.5,0,0.5,1,0.5,2,1,1,1,2,1
143,Snorlax,Relaxo,カビゴン (Kabigon),1,0,0,0,Sleeping Pokémon,1,Normal,,2.1,460.0,3,Immunity,Thick Fat,Gluttony,540,160,110,65,65,110,30,25,70,189,Slow,1,Monster,,87.5,40,1,1,1,1,1,1,2,1,1,1,1,1,1,0,1,1,1,1
144,Articuno,Arktos,フリーザー (Freezer),1,1,0,0,Freeze Pokémon,2,Ice,Flying,1.7,55.4,2,Pressure,,Snow Cloak,580,90,85,100,95,125,85,3,35,261,Slow,1,Undiscovered,,,80,1,2,1,2,0.5,1,1,1,0,1,1,0.5,4,1,1,1,2,1
145,Zapdos,Zapdos,サンダー (Thunder),1,1,0,0,Electric Pokémon,2,Electric,Flying,1.6,52.6,2,Pressure,,Static,580,90,90,85,125,90,100,3,35,261,Slow,1,Undiscovered,,,80,1,1,1,1,0.5,2,0.5,1,0,0.5,1,0.5,2,1,1,1,0.5,1
146,Moltres,Lavados,ファイヤー (Fire),1,1,0,0,Flame Pokémon,2,Fire,Flying,2.0,60.0,2,Pressure,,Flame Body,580,90,100,90,125,85,90,3,35,261,Slow,1,Undiscovered,,,80,1,0.5,2,2,0.25,1,0.5,1,0,1,1,0.25,4,1,1,1,0.5,0.5
147,Dratini,Dratini,ミニリュウ (Miniryu),1,0,0,0,Dragon Pokémon,1,Dragon,,1.8,3.3,2,Shed Skin,,Marvel Scale,300,41,64,45,50,50,50,45,35,60,Slow,2,Dragon,Water 1,50.0,40,1,0.5,0.5,0.5,0.5,2,1,1,1,1,1,1,1,1,2,1,1,2
148,Dragonair,Dragonir,ハクリュー (Hakuryu),1,0,0,0,Dragon Pokémon,1,Dragon,,4.0,16.5,2,Shed Skin,,Marvel Scale,420,61,84,65,70,70,70,45,35,147,Slow,2,Dragon,Water 1,50.0,40,1,0.5,0.5,0.5,0.5,2,1,1,1,1,1,1,1,1,2,1,1,2
149,Dragonite,Dragoran,カイリュー (Kairyu),1,0,0,0,Dragon Pokémon,2,Dragon,Flying,2.2,210.0,2,Inner Focus,,Multiscale,600,91,134,95,100,100,80,45,35,270,Slow,2,Dragon,Water 1,50.0,40,1,0.5,0.5,1,0.25,4,0.5,1,0,1,1,0.5,2,1,2,1,1,2
150,Mewtwo,Mewtu,ミュウツー (Mewtwo),1,0,1,0,Genetic Pokémon,1,Psychic,,2.0,122.0,2,Pressure,,Unnerve,680,106,110,90,154,90,130,3,0,306,Slow,1,Undiscovered,,,120,1,1,1,1,1,1,0.5,1,1,1,0.5,2,1,2,1,2,1,1
150,Mega Mewtwo X,Mewtu,ミュウツー (Mewtwo),1,0,1,0,Genetic Pokémon,2,Psychic,Fighting,2.3,127.0,1,Steadfast,,,780,106,190,100,154,100,130,3,0,351,Slow,1,Undiscovered,,,120,1,1,1,1,1,1,0.5,1,1,2,1,1,0.5,2,1,1,1,2
150,Mega Mewtwo Y,Mewtu,ミュウツー (Mewtwo),1,0,1,0,Genetic Pokémon,1,Psychic,,1.5,33.0,1,Insomnia,,,780,106,150,70,194,120,140,3,0,351,Slow,1,Undiscovered,,,120,1,1,1,1,1,1,0.5,1,1,1,0.5,2,1,2,1,2,1,1
151,Mew,Mew,ミュウ (Mew),1,0,0,1,New Species Pokémon,1,Psychic,,0.4,4.0,1,Synchronize,,,600,100,100,100,100,100,100,45,100,270,Medium Slow,1,Undiscovered,,,120,1,1,1,1,1,1,0.5,1,1,1,0.5,2,1,2,1,2,1,1
152,Chikorita,Endivie,チコリータ (Chicorita),2,0,0,0,Leaf Pokémon,1,Grass,,0.9,6.4,2,Overgrow,,Leaf Guard,318,45,49,65,49,65,45,45,70,64,Medium Slow,2,Grass,Monster,87.5,20,1,2,0.5,0.5,0.5,2,1,2,0.5,2,1,2,1,1,1,1,1,1
153,Bayleef,Lorblatt,ベイリーフ (Bayleaf),2,0,0,0,Leaf Pokémon,1,Grass,,1.2,15.8,2,Overgrow,,Leaf Guard,405,60,62,80,63,80,60,45,70,142,Medium Slow,2,Grass,Monster,87.5,20,1,2,0.5,0.5,0.5,2,1,2,0.5,2,1,2,1,1,1,1,1,1
154,Meganium,Meganie,メガニウム (Meganium),2,0,0,0,Herb Pokémon,1,Grass,,1.8,100.5,2,Overgrow,,Leaf Guard,525,80,82,100,83,100,80,45,70,236,Medium Slow,2,Grass,Monster,87.5,20,1,2,0.5,0.5,0.5,2,1,2,0.5,2,1,2,1,1,1,1,1,1
155,Cyndaquil,Feurigel,ヒノアラシ (Hinoarashi),2,0,0,0,Fire Mouse Pokémon,1,Fire,,0.5,7.9,2,Blaze,,Flash Fire,309,39,52,43,60,50,65,45,70,62,Medium Slow,1,Field,,87.5,20,1,0.5,2,1,0.5,0.5,1,1,2,1,1,0.5,2,1,1,1,0.5,0.5
156,Quilava,Igelavar,マグマラシ (Magmarashi),2,0,0,0,Volcano Pokémon,1,Fire,,0.9,19.0,2,Blaze,,Flash Fire,405,58,64,58,80,65,80,45,70,142,Medium Slow,1,Field,,87.5,20,1,0.5,2,1,0.5,0.5,1,1,2,1,1,0.5,2,1,1,1,0.5,0.5
157,Typhlosion,Tornupto,バクフーン (Bakphoon),2,0,0,0,Volcano Pokémon,1,Fire,,1.7,79.5,2,Blaze,,Flash Fire,534,78,84,78,109,85,100,45,70,240,Medium Slow,1,Field,,87.5,20,1,0.5,2,1,0.5,0.5,1,1,2,1,1,0.5,2,1,1,1,0.5,0.5
158,Totodile,Karnimani,ワニノコ (Waninoko),2,0,0,0,Big Jaw Pokémon,1,Water,,0.6,9.5,2,Torrent,,Sheer Force,314,50,65,64,44,48,43,45,70,63,Medium Slow,2,Monster,Water 1,87.5,20,1,0.5,0.5,2,2,0.5,1,1,1,1,1,1,1,1,1,1,0.5,1
159,Croconaw,Tyracroc,アリゲイツ (Alligates),2,0,0,0,Big Jaw Pokémon,1,Water,,1.1,25.0,2,Torrent,,Sheer Force,405,65,80,80,59,63,58,45,70,142,Medium Slow,2,Monster,Water 1,87.5,20,1,0.5,0.5,2,2,0.5,1,1,1,1,1,1,1,1,1,1,0.5,1
160,Feraligatr,Impergator,オーダイル (Ordile),2,0,0,0,Big Jaw Pokémon,1,Water,,2.3,88.8,2,Torrent,,Sheer Force,530,85,105,100,79,83,78,45,70,239,Medium Slow,2,Monster,Water 1,87.5,20,1,0.5,0.5,2,2,0.5,1,1,1,1,1,1,1,1,1,1,0.5,1
161,Sentret,Wiesor,オタチ (Otachi),2,0,0,0,Scout Pokémon,1,Normal,,0.8,6.0,3,Run Away,Keen Eye,Frisk,215,35,46,34,35,45,20,255,70,43,Medium Fast,1,Field,,50.0,15,1,1,1,1,1,1,2,1,1,1,1,1,1,0,1,1,1,1
162,Furret,Wiesenior,オオタチ (Ootachi),2,0,0,0,Long Body Pokémon,1,Normal,,1.8,32.5,3,Run Away,Keen Eye,Frisk,415,85,76,64,45,55,90,90,70,145,Medium Fast,1,Field,,50.0,15,1,1,1,1,1,1,2,1,1,1,1,1,1,0,1,1,1,1
163,Hoothoot,Hoothoot,ホーホー (Hoho),2,0,0,0,Owl Pokémon,2,Normal,Flying,0.7,21.2,3,Insomnia,Keen Eye,Tinted Lens,262,60,30,30,36,56,50,255,70,52,Medium Fast,1,Flying,,50.0,15,1,1,1,2,0.5,2,1,1,0,1,1,0.5,2,0,1,1,1,1
164,Noctowl,Noctuh,ヨルノズク (Yorunozuku),2,0,0,0,Owl Pokémon,2,Normal,Flying,1.6,40.8,3,Insomnia,Keen Eye,Tinted Lens,452,100,50,50,86,96,70,90,70,158,Medium Fast,1,Flying,,50.0,15,1,1,1,2,0.5,2,1,1,0,1,1,0.5,2,0,1,1,1,1
165,Ledyba,Ledyba,レディバ (Rediba),2,0,0,0,Five Star Pokémon,2,Bug,Flying,1.0,10.8,3,Swarm,Early Bird,Rattled,265,40,20,30,40,80,55,255,70,53,Fast,1,Bug,,50.0,15,1,2,1,2,0.25,2,0.25,1,0,2,1,0.5,4,1,1,1,1,1
166,Ledian,Ledian,レディアン (Redian),2,0,0,0,Five Star Pokémon,2,Bug,Flying,1.4,35.6,3,Swarm,Early Bird,Iron Fist,390,55,35,50,55,110,85,90,70,137,Fast,1,Bug,,50.0,15,1,2,1,2,0.25,2,0.25,1,0,2,1,0.5,4,1,1,1,1,1
167,Spinarak,Webarak,イトマル (Itomaru),2,0,0,0,String Spit Pokémon,2,Bug,Poison,0.5,8.5,3,Swarm,Insomnia,Sniper,250,40,60,40,40,40,30,255,70,50,Fast,1,Bug,,50.0,15,1,2,1,1,0.25,1,0.25,0.5,1,2,2,0.5,2,1,1,1,1,0.5
168,Ariados,Ariados,アリアドス (Ariados),2,0,0,0,Long Leg Pokémon,2,Bug,Poison,1.1,33.5,3,Swarm,Insomnia,Sniper,400,70,90,70,60,70,40,90,70,140,Fast,1,Bug,,50.0,15,1,2,1,1,0.25,1,0.25,0.5,1,2,2,0.5,2,1,1,1,1,0.5
169,Crobat,Iksbat,クロバット (Crobat),2,0,0,0,Bat Pokémon,2,Poison,Flying,1.8,75.0,2,Inner Focus,,Infiltrator,535,85,90,80,70,80,130,90,70,241,Medium Fast,1,Flying,,50.0,15,1,1,1,2,0.25,2,0.25,0.5,0,1,2,0.25,2,1,1,1,1,0.5
170,Chinchou,Lampi,チョンチー (Chonchie),2,0,0,0,Angler Pokémon,2,Water,Electric,0.5,12.0,3,Volt Absorb,Illuminate,Water Absorb,330,75,38,38,56,56,67,190,70,66,Slow,1,Water 2,,50.0,20,1,0.5,0.5,0,2,0.5,1,1,2,0.5,1,1,1,1,1,1,0.25,1
171,Lanturn,Lanturn,ランターン (Lantern),2,0,0,0,Light Pokémon,2,Water,Electric,1.2,22.5,3,Volt Absorb,Illuminate,Water Absorb,460,125,58,58,76,76,67,75,70,161,Slow,1,Water 2,,50.0,20,1,0.5,0.5,0,2,0.5,1,1,2,0.5,1,1,1,1,1,1,0.25,1
172,Pichu,Pichu,ピチュー (Pichu),2,0,0,0,Tiny Mouse Pokémon,1,Electric,,0.3,2.0,2,Static,,Lightning Rod,205,20,40,15,35,35,60,190,70,41,Medium Fast,1,Undiscovered,,50.0,10,1,1,1,0.5,1,1,1,1,2,0.5,1,1,1,1,1,1,0.5,1
173,Cleffa,Pii,ピィ (Py),2,0,0,0,Star Shape Pokémon,1,Fairy,,0.3,3.0,3,Cute Charm,Magic Guard,Friend Guard,218,50,25,28,45,55,15,150,140,44,Fast,1,Undiscovered,,25.0,10,1,1,1,1,1,1,0.5,2,1,1,1,0.5,1,1,0,0.5,2,1
174,Igglybuff,Fluffeluff,ププリン (Pupurin),2,0,0,0,Balloon Pokémon,2,Normal,Fairy,0.3,1.0,3,Cute Charm,Competitive,Friend Guard,210,90,30,15,40,20,15,170,70,42,Fast,1,Undiscovered,,25.0,10,1,1,1,1,1,1,1,2,1,1,1,0.5,1,0,0,0.5,2,1
175,Togepi,Togepi,トゲピー (Togepy),2,0,0,0,Spike Ball Pokémon,1,Fairy,,0.3,1.5,3,Hustle,Serene Grace,Super Luck,245,35,20,65,40,65,20,190,70,49,Fast,1,Undiscovered,,87.5,10,1,1,1,1,1,1,0.5,2,1,1,1,0.5,1,1,0,0.5,2,1
176,Togetic,Togetic,トゲチック (Togechick),2,0,0,0,Happiness Pokémon,2,Fairy,Flying,0.6,3.2,3,Hustle,Serene Grace,Super Luck,405,55,40,85,80,105,40,75,70,142,Fast,2,Fairy,Flying,87.5,10,1,1,1,2,0.5,2,0.25,2,0,1,1,0.25,2,1,0,0.5,2,1
177,Natu,Natu,ネイティ (Naty),2,0,0,0,Tiny Bird Pokémon,2,Psychic,Flying,0.2,2.0,3,Synchronize,Early Bird,Magic Bounce,320,40,50,45,70,45,70,190,70,64,Medium Fast,1,Flying,,50.0,20,1,1,1,2,0.5,2,0.25,1,0,1,0.5,1,2,2,1,2,1,1
178,Xatu,Xatu,ネイティオ (Natio),2,0,0,0,Mystic Pokémon,2,Psychic,Flying,1.5,15.0,3,Synchronize,Early Bird,Magic Bounce,470,65,75,70,95,70,95,75,70,165,Medium Fast,1,Flying,,50.0,20,1,1,1,2,0.5,2,0.25,1,0,1,0.5,1,2,2,1,2,1,1
179,Mareep,Voltilamm,メリープ (Merriep),2,0,0,0,Wool Pokémon,1,Electric,,0.6,7.8,2,Static,,Plus,280,55,40,40,65,45,35,235,70,56,Medium Slow,2,Field,Monster,50.0,20,1,1,1,0.5,1,1,1,1,2,0.5,1,1,1,1,1,1,0.5,1
180,Flaaffy,Waaty,モココ (Mokoko),2,0,0,0,Wool Pokémon,1,Electric,,0.8,13.3,2,Static,,Plus,365,70,55,55,80,60,45,120,70,128,Medium Slow,2,Field,Monster,50.0,20,1,1,1,0.5,1,1,1,1,2,0.5,1,1,1,1,1,1,0.5,1
181,Ampharos,Ampharos,デンリュウ (Denryu),2,0,0,0,Light Pokémon,1,Electric,,1.4,61.5,2,Static,,Plus,510,90,75,85,115,90,55,45,70,230,Medium Slow,2,Field,Monster,50.0,20,1,1,1,0.5,1,1,1,1,2,0.5,1,1,1,1,1,1,0.5,1
181,Mega Ampharos,Ampharos,デンリュウ (Denryu),2,0,0,0,Light Pokémon,2,Electric,Dragon,1.4,61.5,1,Mold Breaker,,,610,90,95,105,165,110,45,45,70,275,Medium Slow,2,Field,Monster,50.0,20,1,0.5,0.5,0.25,0.5,2,1,1,2,0.5,1,1,1,1,2,1,0.5,2
182,Bellossom,Blubella,キレイハナ (Kireihana),2,0,0,0,Flower Pokémon,1,Grass,,0.4,5.8,2,Chlorophyll,,Healer,490,75,80,95,90,100,50,45,70,221,Medium Slow,1,Grass,,50.0,20,1,2,0.5,0.5,0.5,2,1,2,0.5,2,1,2,1,1,1,1,1,1
183,Marill,Marill,マリル (Maril),2,0,0,0,Aqua Mouse Pokémon,2,Water,Fairy,0.4,8.5,3,Thick Fat,Huge Power,Sap Sipper,250,70,20,50,20,50,40,190,70,88,Fast,2,Fairy,Water 1,50.0,10,1,0.25,0.5,2,2,0.25,0.5,2,1,1,1,0.5,1,1,0,0.5,1,1
184,Azumarill,Azumarill,マリルリ (Marilli),2,0,0,0,Aqua Rabbit Pokémon,2,Water,Fairy,0.8,28.5,3,Thick Fat,Huge Power,Sap Sipper,420,100,50,80,60,80,50,75,70,189,Fast,2,Fairy,Water 1,50.0,10,1,0.25,0.5,2,2,0.25,0.5,2,1,1,1,0.5,1,1,0,0.5,1,1
185,Sudowoodo,Mogelbaum,ウソッキー (Usokkie),2,0,0,0,Imitation Pokémon,1,Rock,,1.2,38.0,3,Sturdy,Rock Head,Rattled,410,70,100,115,30,65,30,65,70,144,Medium Fast,1,Mineral,,50.0,20,0.5,0.5,2,1,2,1,2,0.5,2,0.5,1,1,1,1,1,1,2,1
186,Politoed,Quaxo,ニョロトノ (Nyorotono),2,0,0,0,Frog Pokémon,1,Water,,1.1,33.9,3,Water Absorb,Damp,Drizzle,500,90,75,75,90,100,70,45,70,225,Medium Slow,1,Water 1,,50.0,20,1,0.5,0,2,2,0.5,1,1,1,1,1,1,1,1,1,1,0.5,1
187,Hoppip,Hoppspross,ハネッコ (Hanecco),2,0,0,0,Cottonweed Pokémon,2,Grass,Flying,0.4,0.5,3,Chlorophyll,Leaf Guard,Infiltrator,250,35,35,40,35,55,50,255,70,50,Medium Slow,2,Fairy,Grass,50.0,20,1,2,0.5,1,0.25,4,0.5,2,0,2,1,1,2,1,1,1,1,1
188,Skiploom,Hubelupf,ポポッコ (Popocco),2,0,0,0,Cottonweed Pokémon,2,Grass,Flying,0.6,1.0,3,Chlorophyll,Leaf Guard,Infiltrator,340,55,45,50,45,65,80,120,70,119,Medium Slow,2,Fairy,Grass,50.0,20,1,2,0.5,1,0.25,4,0.5,2,0,2,1,1,2,1,1,1,1,1
189,Jumpluff,Papungha,ワタッコ (Watacco),2,0,0,0,Cottonweed Pokémon,2,Grass,Flying,0.8,3.0,3,Chlorophyll,Leaf Guard,Infiltrator,460,75,55,70,55,95,110,45,70,207,Medium Slow,2,Fairy,Grass,50.0,20,1,2,0.5,1,0.25,4,0.5,2,0,2,1,1,2,1,1,1,1,1
190,Aipom,Griffel,エイパム (Eipam),2,0,0,0,Long Tail Pokémon,1,Normal,,0.8,11.5,3,Run Away,Pickup,Skill Link,360,55,70,55,40,55,85,45,70,72,Fast,1,Field,,50.0,20,1,1,1,1,1,1,2,1,1,1,1,1,1,0,1,1,1,1
191,Sunkern,Sonnkern,ヒマナッツ (Himanuts),2,0,0,0,Seed Pokémon,1,Grass,,0.3,1.8,3,Chlorophyll,Solar Power,Early Bird,180,30,30,30,30,30,30,235,70,36,Medium Slow,1,Grass,,50.0,20,1,2,0.5,0.5,0.5,2,1,2,0.5,2,1,2,1,1,1,1,1,1
192,Sunflora,Sonnflora,キマワリ (Kimawari),2,0,0,0,Sun Pokémon,1,Grass,,0.8,8.5,3,Chlorophyll,Solar Power,Early Bird,425,75,75,55,105,85,30,120,70,149,Medium Slow,1,Grass,,50.0,20,1,2,0.5,0.5,0.5,2,1,2,0.5,2,1,2,1,1,1,1,1,1
193,Yanma,Yanma,ヤンヤンマ (Yanyanma),2,0,0,0,Clear Wing Pokémon,2,Bug,Flying,1.2,38.0,3,Speed Boost,Compound Eyes,Frisk,390,65,65,45,75,45,95,75,70,78,Medium Fast,1,Bug,,50.0,20,1,2,1,2,0.25,2,0.25,1,0,2,1,0.5,4,1,1,1,1,1
194,Wooper,Felino,ウパー (Upah),2,0,0,0,Water Fish Pokémon,2,Water,Ground,0.4,8.5,3,Damp,Water Absorb,Unaware,210,55,45,45,25,25,15,255,70,42,Medium Fast,2,Field,Water 1,50.0,20,1,0.5,1,0,4,1,1,0.5,1,1,1,1,0.5,1,1,1,0.5,1
195,Quagsire,Morlord,ヌオー (Nuoh),2,0,0,0,Water Fish Pokémon,2,Water,Ground,1.4,75.0,3,Damp,Water Absorb,Unaware,430,95,85,85,65,65,35,90,70,151,Medium Fast,2,Field,Water 1,50.0,20,1,0.5,1,0,4,1,1,0.5,1,1,1,1,0.5,1,1,1,0.5,1
196,Espeon,Psiana,エーフィ (Eifie),2,0,0,0,Sun Pokémon,1,Psychic,,0.9,26.5,2,Synchronize,,Magic Bounce,525,65,65,60,130,95,110,45,70,184,Medium Fast,1,Field,,87.5,35,1,1,1,1,1,1,0.5,1,1,1,0.5,2,1,2,1,2,1,1
197,Umbreon,Nachtara,ブラッキー (Blacky),2,0,0,0,Moonlight Pokémon,1,Dark,,1.0,27.0,2,Synchronize,,Inner Focus,525,95,65,110,60,130,65,45,35,184,Medium Fast,1,Field,,87.5,35,1,1,1,1,1,1,2,1,1,1,0,2,1,0.5,1,0.5,1,2
198,Murkrow,Kramurx,ヤミカラス (Yamikarasu),2,0,0,0,Darkness Pokémon,1,Dark,,0.5,2.1,2,Insomnia,Super Luck,Prankster,405,60,85,42,85,42,91,30,42,42,Medium Slow,1,Flying,,50.0,20,1,1,1,2,0.5,2,1,1,0,1,0,1,2,0.5,1,0.5,1,2
199,Slowking,Laschoking,ヤドキング (Yadoking),2,0,0,0,Royal Pokémon,2,Water,Psychic,2.0,79.5,3,Oblivious,Own Tempo,Regenerator,490.0,95.0,75.0,80.0,100.0,110.0,30.0,70.0,70.0,172.0,Medium Fast,2,Monster,Water 1,50.0,20.0,1,0.5,0.5,2,2,0.5,0.5,1,1,1,0.5,2,1,2,1,2,0.5,1
200,Misdreavus,Traunfugil,ムウマ (Muma),2,0,0,0,Screech Pokémon,1,Ghost,,0.7,1.0,1,Levitate,,,435,60,60,60,85,85,85,45,35,87,Fast,1,Amorphous,,50.0,25,0,1,1,1,1,1,0,0.5,0,1,1,0.5,1,2,1,2,1,1
201,Unown,Icognito,アンノーン (Unknown),2,0,0,0,Symbol Pokémon,1,Psychic,,0.5,5.0,1,Levitate,,,336,48,72,48,72,48,48,225,70,118,Medium Fast,1,Undiscovered,,,40,1,1,1,1,1,1,0.5,1,0,1,0.5,2,1,2,1,2,1,1
202,Wobbuffet,Woingenau,ソーナンス (Sonans),2,0,0,0,Patient Pokémon,1,Psychic,,1.3,28.5,2,Shadow Tag,,Telepathy,405,190,33,58,33,58,33,45,70,142,Medium Fast,1,Amorphous,,50.0,20,1,1,1,1,1,1,0.5,1,1,1,0.5,2,1,2,1,2,1,1
203,Girafarig,Girafarig,キリンリキ (Kirinriki),2,0,0,0,Long Neck Pokémon,2,Normal,Psychic,1.5,41.5,3,Inner Focus,Early Bird,Sap Sipper,455,70,80,65,90,65,85,60,70,159,Medium Fast,1,Field,,50.0,20,1,1,1,1,1,1,1,1,1,1,0.5,2,1,0,1,2,1,1
204,Pineco,Tannza,クヌギダマ (Kunugidama),2,0,0,0,Bagworm Pokémon,1,Bug,,0.6,7.2,2,Sturdy,,Overcoat,290,50,65,90,35,35,15,190,70,58,Medium Fast,1,Bug,,50.0,20,1,2,1,1,0.5,1,0.5,1,0.5,2,1,1,2,1,1,1,1,1
205,Forretress,Forstellka,フォレトス (Foretos),2,0,0,0,Bagworm Pokémon,2,Bug,Steel,1.2,125.8,2,Sturdy,,Overcoat,465,75,90,140,60,60,40,75,70,163,Medium Fast,1,Bug,,50.0,20,0.5,4,1,1,0.25,0.5,1,0,1,1,0.5,0.5,1,1,0.5,1,0.5,0.5
206,Dunsparce,Dummisel,ノコッチ (Nokocchi),2,0,0,0,Land Snake Pokémon,1,Normal,,1.5,14.0,3,Serene Grace,Run Away,Rattled,415,100,70,70,65,65,45,190,70,145,Medium Fast,1,Field,,50.0,20,1,1,1,1,1,1,2,1,1,1,1,1,1,0,1,1,1,1
207,Gligar,Skorgla,グライガー (Gliger),2,0,0,0,FlyScorpion Pokémon,2,Ground,Flying,1.1,64.8,3,Hyper Cutter,Sand Veil,Immunity,430,65,75,105,35,65,85,60,70,86,Medium Slow,1,Bug,,50.0,20,1,1,2,0,1,4,0.5,0.5,0,1,1,0.5,1,1,1,1,1,1
208,Steelix,Stahlos,ハガネール (Haganeil),2,0,0,0,Iron Snake Pokémon,2,Steel,Ground,9.2,400.0,3,Rock Head,Sturdy,Sheer Force,510,75,85,200,55,65,30,25,70,179,Medium Fast,1,Mineral,,50.0,25,0.5,2,2,0,1,1,2,0,2,0.5,0.5,0.5,0.25,1,0.5,1,0.5,0.5
208,Mega Steelix,Stahlos,ハガネール (Haganeil),2,0,0,0,Iron Snake Pokémon,2,Steel,Ground,10.5,740.0,1,Sand Force,,,610,75,125,230,55,95,30,25,70,214,Medium Fast,1,Mineral,,50.0,25,0.5,2,2,0,1,1,2,0,2,0.5,0.5,0.5,0.25,1,0.5,1,0.5,0.5
209,Snubbull,Snubbull,ブルー (Bulu),2,0,0,0,Fairy Pokémon,1,Fairy,,0.6,7.8,3,Intimidate,Run Away,Rattled,300,60,80,50,40,40,30,190,70,60,Fast,2,Fairy,Field,25.0,20,1,1,1,1,1,1,0.5,2,1,1,1,0.5,1,1,0,0.5,2,1
210,Granbull,Granbull,グランブル (Granbulu),2,0,0,0,Fairy Pokémon,1,Fairy,,1.4,48.7,3,Intimidate,Quick Feet,Rattled,450,90,120,75,60,60,45,75,70,158,Fast,2,Fairy,Field,25.0,20,1,1,1,1,1,1,0.5,2,1,1,1,0.5,1,1,0,0.5,2,1
211,Qwilfish,Baldorfish,ハリーセン (Harysen),2,0,0,0,Balloon Pokémon,2,Water,Poison,0.5,3.9,3,Poison Point,Swift Swim,Intimidate,440,65,95,85,55,55,85,45,70,88,Medium Fast,1,Water 2,,50.0,20,1,0.5,0.5,2,1,0.5,0.5,0.5,2,1,2,0.5,1,1,1,1,0.5,0.5
212,Scizor,Scherox,ハッサム (Hassam),2,0,0,0,Pincer Pokémon,2,Bug,Steel,1.8,118.0,3,Swarm,Technician,Light Metal,500,70,130,100,55,80,65,25,70,175,Medium Fast,1,Bug,,50.0,25,0.5,4,1,1,0.25,0.5,1,0,1,1,0.5,0.5,1,1,0.5,1,0.5,0.5
212,Mega Scizor,Scherox,ハッサム (Hassam),2,0,0,0,Pincer Pokémon,2,Bug,Steel,2.0,125.0,1,Technician,,,600,70,150,140,65,100,75,25,70,210,Medium Fast,1,Bug,,50.0,25,0.5,4,1,1,0.25,0.5,1,0,1,1,0.5,0.5,1,1,0.5,1,0.5,0.5
213,Shuckle,Pottrott,ツボツボ (Tsubotsubo),2,0,0,0,Mold Pokémon,2,Bug,Rock,0.6,20.5,3,Sturdy,Gluttony,Contrary,505,20,10,230,10,230,5,190,70,177,Medium Slow,1,Bug,,50.0,20,0.5,1,2,1,1,1,1,0.5,1,1,1,1,2,1,1,1,2,1
214,Heracross,Skaraborn,ヘラクロス (Heracros),2,0,0,0,Single Horn Pokémon,2,Bug,Fighting,1.5,54.0,3,Swarm,Guts,Moxie,500,80,125,75,40,95,85,45,70,175,Slow,1,Bug,,50.0,25,1,2,1,1,0.5,1,0.5,1,0.5,4,2,0.5,1,1,1,0.5,1,2
214,Mega Heracross,Skaraborn,ヘラクロス (Heracros),2,0,0,0,Single Horn Pokémon,2,Bug,Fighting,1.7,62.5,1,Skill Link,,,600,80,185,115,40,105,75,45,70,210,Slow,1,Bug,,50.0,25,1,2,1,1,0.5,1,0.5,1,0.5,4,2,0.5,1,1,1,0.5,1,2
215,Sneasel,Sniebel,ニューラ (Nyula),2,0,0,0,Sharp Claw Pokémon,2,Dark,Ice,0.9,28.0,3,Inner Focus,Keen Eye,Pickpocket,430,55,95,55,35,75,115,60,35,86,Medium Slow,1,Field,,50.0,20,1,2,1,1,1,0.5,4,1,1,1,0,2,2,0.5,1,0.5,2,2
216,Teddiursa,Teddiursa,ヒメグマ (Himeguma),2,0,0,0,Little Bear Pokémon,1,Normal,,0.6,8.8,3,Pickup,Quick Feet,Honey Gather,330,60,80,50,50,50,40,120,70,66,Medium Fast,1,Field,,50.0,20,1,1,1,1,1,1,2,1,1,1,1,1,1,0,1,1,1,1
217,Ursaring,Ursaring,リングマ (Ringuma),2,0,0,0,Hibernator Pokémon,1,Normal,,1.8,125.8,3,Guts,Quick Feet,Unnerve,500,90,130,75,75,75,55,60,70,175,Medium Fast,1,Field,,50.0,20,1,1,1,1,1,1,2,1,1,1,1,1,1,0,1,1,1,1
218,Slugma,Schneckmag,マグマッグ (Magmag),2,0,0,0,Lava Pokémon,1,Fire,,0.7,35.0,3,Magma Armor,Flame Body,Weak Armor,250,40,40,40,70,40,20,190,70,50,Medium Fast,1,Amorphous,,50.0,20,1,0.5,2,1,0.5,0.5,1,1,2,1,1,0.5,2,1,1,1,0.5,0.5
219,Magcargo,Magcargo,マグカルゴ (Magcargot),2,0,0,0,Lava Pokémon,2,Fire,Rock,0.8,55.0,3,Magma Armor,Flame Body,Weak Armor,430,60,50,120,90,80,30,75,70,151,Medium Fast,1,Amorphous,,50.0,20,0.5,0.25,4,1,1,0.5,2,0.5,4,0.5,1,0.5,2,1,1,1,1,0.5
220,Swinub,Quiekel,ウリムー (Urimoo),2,0,0,0,Pig Pokémon,2,Ice,Ground,0.4,6.5,3,Oblivious,Snow Cloak,Thick Fat,250,50,50,40,30,30,50,225,70,50,Slow,1,Field,,50.0,20,1,2,2,0,2,1,2,0.5,1,1,1,1,1,1,1,1,2,1
221,Piloswine,Keifel,イノムー (Inomoo),2,0,0,0,Swine Pokémon,2,Ice,Ground,1.1,55.8,3,Oblivious,Snow Cloak,Thick Fat,450,100,100,80,60,60,50,75,70,158,Slow,1,Field,,50.0,20,1,2,2,0,2,1,2,0.5,1,1,1,1,1,1,1,1,2,1
222,Corsola,Corasonn,サニーゴ (Sunnygo),2,0,0,0,Coral Pokémon,2,Water,Rock,0.6,5.0,3,Hustle,Natural Cure,Regenerator,410,65,55,95,65,95,35,60.0,70.0,144.0,Fast,2,Water 1,Water 3,25.0,20,0.5,0.25,1,2,4,0.5,2,0.5,2,0.5,1,1,1,1,1,1,1,1
222,Galarian Corsola,Corasonn,サニーゴ (Sunnygo),2,0,0,0,Coral Pokémon,1,Ghost,,0.6,0.5,2,Weak Armor,,Cursed Body,410,60,55,100,65,100,30,,,,Fast,2,Water 1,Water 3,,20,0,1,1,1,1,1,0,0.5,1,1,1,0.5,1,2,1,2,1,1
223,Remoraid,Remoraid,テッポウオ (Teppouo),2,0,0,0,Jet Pokémon,1,Water,,0.6,12.0,3,Hustle,Sniper,Moody,300,35,65,35,65,35,65,190,70,60,Medium Fast,2,Water 1,Water 2,50.0,20,1,0.5,0.5,2,2,0.5,1,1,1,1,1,1,1,1,1,1,0.5,1
224,Octillery,Octillery,オクタン (Okutank),2,0,0,0,Jet Pokémon,1,Water,,0.9,28.5,3,Suction Cups,Sniper,Moody,480,75,105,75,105,75,45,75,70,168,Medium Fast,2,Water 1,Water 2,50.0,20,1,0.5,0.5,2,2,0.5,1,1,1,1,1,1,1,1,1,1,0.5,1
225,Delibird,Botogel,デリバード (Delibird),2,0,0,0,Delivery Pokémon,2,Ice,Flying,0.9,16.0,3,Vital Spirit,Hustle,Insomnia,330,45,55,45,65,45,75,45,70,116,Fast,2,Field,Water 1,50.0,20,1,2,1,2,0.5,1,1,1,0,1,1,0.5,4,1,1,1,2,1
226,Mantine,Mantax,マンタイン (Mantain),2,0,0,0,Kite Pokémon,2,Water,Flying,2.1,220.0,3,Swift Swim,Water Absorb,Water Veil,485,85,40,70,80,140,70,25,70,170,Slow,1,Water 1,,50.0,25,1,0.5,0.5,4,1,1,0.5,1,0,1,1,0.5,2,1,1,1,0.5,1
227,Skarmory,Panzaeron,エアームド (Airmd),2,0,0,0,Armor Bird Pokémon,2,Steel,Flying,1.7,50.5,3,Keen Eye,Sturdy,Weak Armor,465,65,80,140,40,70,70,25,70,163,Slow,1,Flying,,50.0,25,0.5,2,1,2,0.25,1,1,0,0,0.5,0.5,0.25,1,1,0.5,1,0.5,0.5
228,Houndour,Hunduster,デルビル (Delvil),2,0,0,0,Dark Pokémon,2,Dark,Fire,0.6,10.8,3,Early Bird,Flash Fire,Unnerve,330,45,60,30,80,50,65,120,35,66,Slow,1,Field,,50.0,20,1,0.5,2,1,0.5,0.5,2,1,2,1,0,1,2,0.5,1,0.5,0.5,1
229,Houndoom,Hundemon,ヘルガー (Hellgar),2,0,0,0,Dark Pokémon,2,Dark,Fire,1.4,35.0,3,Early Bird,Flash Fire,Unnerve,500,75,90,50,110,80,95,45,35,175,Slow,1,Field,,50.0,20,1,0.5,2,1,0.5,0.5,2,1,2,1,0,1,2,0.5,1,0.5,0.5,1
229,Mega Houndoom,Hundemon,ヘルガー (Hellgar),2,0,0,0,Dark Pokémon,2,Dark,Fire,1.9,49.5,1,Solar Power,,,600,75,90,90,140,90,115,45,35,210,Slow,1,Field,,50.0,20,1,0,2,1,0.5,0.5,2,1,2,1,0,1,2,0.5,1,0.5,0.5,1
230,Kingdra,Seedraking,キングドラ (Kingdra),2,0,0,0,Dragon Pokémon,2,Water,Dragon,1.8,152.0,3,Swift Swim,Sniper,Damp,540,75,95,95,95,95,85,45,70,243,Medium Fast,2,Dragon,Water 1,50.0,20,1,0.25,0.25,1,1,1,1,1,1,1,1,1,1,1,2,1,0.5,2
231,Phanpy,Phanpy,ゴマゾウ (Gomazou),2,0,0,0,Long Nose Pokémon,1,Ground,,0.5,33.5,2,Pickup,,Sand Veil,330,90,60,60,40,40,40,120,70,66,Medium Fast,1,Field,,50.0,20,1,1,2,0,2,2,1,0.5,1,1,1,1,0.5,1,1,1,1,1
232,Donphan,Donphan,ドンファン (Donfan),2,0,0,0,Armor Pokémon,1,Ground,,1.1,120.0,2,Sturdy,,Sand Veil,500,90,120,120,60,60,50,60,70,175,Medium Fast,1,Field,,50.0,20,1,1,2,0,2,2,1,0.5,1,1,1,1,0.5,1,1,1,1,1
233,Porygon2,Porygon2,ポリゴン２ (Porygon2),2,0,0,0,Virtual Pokémon,1,Normal,,0.6,32.5,3,Trace,Download,Analytic,515,85,80,90,105,95,60,45,70,180,Medium Fast,1,Mineral,,,20,1,1,1,1,1,1,2,1,1,1,1,1,1,0,1,1,1,1
234,Stantler,Damhirplex,オドシシ (Odoshishi),2,0,0,0,Big Horn Pokémon,1,Normal,,1.4,71.2,3,Intimidate,Frisk,Sap Sipper,465,73,95,62,85,65,85,45,70,163,Slow,1,Field,,50.0,20,1,1,1,1,1,1,2,1,1,1,1,1,1,0,1,1,1,1
235,Smeargle,Farbeagle,ドーブル (Doble),2,0,0,0,Painter Pokémon,1,Normal,,1.2,58.0,3,Own Tempo,Technician,Moody,250,55,20,35,20,45,75,45,70,88,Fast,1,Field,,50.0,20,1,1,1,1,1,1,2,1,1,1,1,1,1,0,1,1,1,1
236,Tyrogue,Rabauz,バルキー (Balkie),2,0,0,0,Scuffle Pokémon,1,Fighting,,0.7,21.0,3,Guts,Steadfast,Vital Spirit,210,35,35,35,35,35,35,75,70,42,Medium Fast,1,Undiscovered,,100.0,25,1,1,1,1,1,1,1,1,1,2,2,0.5,0.5,1,1,0.5,1,2
237,Hitmontop,Kapoera,カポエラー (Kapoerer),2,0,0,0,Handstand Pokémon,1,Fighting,,1.4,48.0,3,Intimidate,Technician,Steadfast,455,50,95,95,35,110,70,45,70,159,Medium Fast,1,Human-Like,,100.0,25,1,1,1,1,1,1,1,1,1,2,2,0.5,0.5,1,1,0.5,1,2
238,Smoochum,Kussilla,ムチュール (Muchul),2,0,0,0,Kiss Pokémon,2,Ice,Psychic,0.4,6.0,3,Oblivious,Forewarn,Hydration,305,45,30,15,85,65,65,45,70,61,Medium Fast,1,Undiscovered,,0.0,25,1,2,1,1,1,0.5,1,1,1,1,0.5,2,2,2,1,2,2,1
239,Elekid,Elekid,エレキッド (Elekid),2,0,0,0,Electric Pokémon,1,Electric,,0.6,23.5,2,Static,,Vital Spirit,360,45,63,37,65,55,95,45,70,72,Medium Fast,1,Undiscovered,,75.0,25,1,1,1,0.5,1,1,1,1,2,0.5,1,1,1,1,1,1,0.5,1
240,Magby,Magby,ブビィ (Buby),2,0,0,0,Live Coal Pokémon,1,Fire,,0.7,21.4,2,Flame Body,,Vital Spirit,365,45,75,37,70,55,83,45,70,73,Medium Fast,1,Undiscovered,,75.0,25,1,0.5,2,1,0.5,0.5,1,1,2,1,1,0.5,2,1,1,1,0.5,0.5
241,Miltank,Miltank,ミルタンク (Miltank),2,0,0,0,Milk Cow Pokémon,1,Normal,,1.2,75.5,3,Thick Fat,Scrappy,Sap Sipper,490,95,80,105,40,70,100,45,70,172,Slow,1,Field,,0.0,20,1,0.5,1,1,1,0.5,2,1,1,1,1,1,1,0,1,1,1,1
242,Blissey,Heiteira,ハピナス (Happinas),2,0,0,0,Happiness Pokémon,1,Normal,,1.5,46.8,3,Natural Cure,Serene Grace,Healer,540,255,10,10,75,135,55,30,140,608,Fast,1,Fairy,,0.0,40,1,1,1,1,1,1,2,1,1,1,1,1,1,0,1,1,1,1
243,Raikou,Raikou,ライコウ (Raikou),2,1,0,0,Thunder Pokémon,1,Electric,,1.9,178.0,2,Pressure,,Inner Focus,580,90,85,75,115,100,115,3,35,261,Slow,1,Undiscovered,,,80,1,1,1,0.5,1,1,1,1,2,0.5,1,1,1,1,1,1,0.5,1
244,Entei,Entei,エンテイ (Entei),2,1,0,0,Volcano Pokémon,1,Fire,,2.1,198.0,2,Pressure,,Inner Focus,580,115,115,85,90,75,100,3,35,261,Slow,1,Undiscovered,,,80,1,0.5,2,1,0.5,0.5,1,1,2,1,1,0.5,2,1,1,1,0.5,0.5
245,Suicune,Suicune,スイクン (Suicune),2,1,0,0,Aurora Pokémon,1,Water,,2.0,187.0,2,Pressure,,Inner Focus,580,100,75,115,90,115,85,3,35,261,Slow,1,Undiscovered,,,80,1,0.5,0.5,2,2,0.5,1,1,1,1,1,1,1,1,1,1,0.5,1
246,Larvitar,Larvitar,ヨーギラス (Yogiras),2,0,0,0,Rock Skin Pokémon,2,Rock,Ground,0.6,72.0,2,Guts,,Sand Veil,300,50,64,50,45,50,41,45,35,60,Slow,1,Monster,,50.0,40,0.5,0.5,4,0,4,2,2,0.25,2,0.5,1,1,0.5,1,1,1,2,1
247,Pupitar,Pupitar,サナギラス (Sanagiras),2,0,0,0,Hard Shell Pokémon,2,Rock,Ground,1.2,152.0,1,Shed Skin,,,410,70,84,70,65,70,51,45,35,144,Slow,1,Monster,,50.0,40,0.5,0.5,4,0,4,2,2,0.25,2,0.5,1,1,0.5,1,1,1,2,1
248,Tyranitar,Despotar,バンギラス (Bangiras),2,0,0,0,Armor Pokémon,2,Rock,Dark,2.0,202.0,2,Sand Stream,,Unnerve,600,100,134,110,95,100,61,45,35,270,Slow,1,Monster,,50.0,40,0.5,0.5,2,1,2,1,4,0.5,2,0.5,0,2,1,0.5,1,0.5,2,2
248,Mega Tyranitar,Despotar,バンギラス (Bangiras),2,0,0,0,Armor Pokémon,2,Rock,Dark,2.5,255.0,1,Sand Stream,,,700,100,164,150,95,120,71,45,35,315,Slow,1,Monster,,50.0,40,0.5,0.5,2,1,2,1,4,0.5,2,0.5,0,2,1,0.5,1,0.5,2,2
249,Lugia,Lugia,ルギア (Lugia),2,0,1,0,Diving Pokémon,2,Psychic,Flying,5.2,216.0,2,Pressure,,Multiscale,680,106,90,130,90,154,110,3,0,306,Slow,1,Undiscovered,,,120,1,1,1,2,0.5,2,0.25,1,0,1,0.5,1,2,2,1,2,1,1
250,Ho-oh,Ho-Oh,ホウオウ (Houou),2,0,1,0,Rainbow Pokémon,2,Fire,Flying,3.8,199.0,2,Pressure,,Regenerator,680,106,130,90,110,154,90,3,0,306,Slow,1,Undiscovered,,,120,1,0.5,2,2,0.25,1,0.5,1,0,1,1,0.25,4,1,1,1,0.5,0.5
251,Celebi,Celebi,セレビィ (Celebi),2,0,0,1,Time Travel Pokémon,2,Psychic,Grass,0.6,5.0,1,Natural Cure,,,600,100,100,100,100,100,100,45,100,270,Medium Slow,1,Undiscovered,,,120,1,2,0.5,0.5,0.5,2,0.5,2,0.5,2,0.5,4,1,2,1,2,1,1
252,Treecko,Geckarbor,キモリ (Kimori),3,0,0,0,Wood Gecko Pokémon,1,Grass,,0.5,5.0,2,Overgrow,,Unburden,310,40,45,35,65,55,70,45,70,62,Medium Slow,2,Dragon,Monster,87.5,20,1,2,0.5,0.5,0.5,2,1,2,0.5,2,1,2,1,1,1,1,1,1
253,Grovyle,Reptain,ジュプトル (Juptile),3,0,0,0,Wood Gecko Pokémon,1,Grass,,0.9,21.6,2,Overgrow,,Unburden,405,50,65,45,85,65,95,45,70,142,Medium Slow,2,Dragon,Monster,87.5,20,1,2,0.5,0.5,0.5,2,1,2,0.5,2,1,2,1,1,1,1,1,1
254,Sceptile,Gewaldro,ジュカイン (Jukain),3,0,0,0,Forest Pokémon,1,Grass,,1.7,52.2,2,Overgrow,,Unburden,530,70,85,65,105,85,120,45,70,239,Medium Slow,2,Dragon,Monster,87.5,20,1,2,0.5,0.5,0.5,2,1,2,0.5,2,1,2,1,1,1,1,1,1
254,Mega Sceptile,Gewaldro,ジュカイン (Jukain),3,0,0,0,Forest Pokémon,2,Grass,Dragon,1.9,55.2,1,Lightning Rod,,,630,70,110,75,145,85,145,45,70,284,Medium Slow,2,Dragon,Monster,87.5,20,1,1,0.25,0,0.25,4,1,2,0.5,2,1,2,1,1,2,1,1,2
255,Torchic,Flemmli,アチャモ (Achamo),3,0,0,0,Chick Pokémon,1,Fire,,0.4,2.5,2,Blaze,,Speed Boost,310,45,60,40,70,50,45,45,70,62,Medium Slow,1,Field,,87.5,20,1,0.5,2,1,0.5,0.5,1,1,2,1,1,0.5,2,1,1,1,0.5,0.5
256,Combusken,Jungglut,ワカシャモ (Wakasyamo),3,0,0,0,Young Fowl Pokémon,2,Fire,Fighting,0.9,19.5,2,Blaze,,Speed Boost,405,60,85,60,85,60,55,45,70,142,Medium Slow,1,Field,,87.5,20,1,0.5,2,1,0.5,0.5,1,1,2,2,2,0.25,1,1,1,0.5,0.5,1
257,Blaziken,Lohgock,バシャーモ (Bursyamo),3,0,0,0,Blaze Pokémon,2,Fire,Fighting,1.9,52.0,2,Blaze,,Speed Boost,530,80,120,70,110,70,80,45,70,239,Medium Slow,1,Field,,87.5,20,1,0.5,2,1,0.5,0.5,1,1,2,2,2,0.25,1,1,1,0.5,0.5,1
257,Mega Blaziken,Lohgock,バシャーモ (Bursyamo),3,0,0,0,Blaze Pokémon,2,Fire,Fighting,1.9,52.0,1,Speed Boost,,,630,80,160,80,130,80,100,45,70,284,Medium Slow,1,Field,,87.5,20,1,0.5,2,1,0.5,0.5,1,1,2,2,2,0.25,1,1,1,0.5,0.5,1
258,Mudkip,Hydropi,ミズゴロウ (Mizugorou),3,0,0,0,Mud Fish Pokémon,1,Water,,0.4,7.6,2,Torrent,,Damp,310,50,70,50,50,50,40,45,70,62,Medium Slow,2,Monster,Water 1,87.5,20,1,0.5,0.5,2,2,0.5,1,1,1,1,1,1,1,1,1,1,0.5,1
259,Marshtomp,Moorabbel,ヌマクロー (Numacraw),3,0,0,0,Mud Fish Pokémon,2,Water,Ground,0.7,28.0,2,Torrent,,Damp,405,70,85,70,60,70,50,45,70,142,Medium Slow,2,Monster,Water 1,87.5,20,1,0.5,1,0,4,1,1,0.5,1,1,1,1,0.5,1,1,1,0.5,1
260,Swampert,Sumpex,ラグラージ (Laglarge),3,0,0,0,Mud Fish Pokémon,2,Water,Ground,1.5,81.9,2,Torrent,,Damp,535,100,110,90,85,90,60,45,70,241,Medium Slow,2,Monster,Water 1,87.5,20,1,0.5,1,0,4,1,1,0.5,1,1,1,1,0.5,1,1,1,0.5,1
260,Mega Swampert,Sumpex,ラグラージ (Laglarge),3,0,0,0,Mud Fish Pokémon,2,Water,Ground,1.9,102.0,1,Swift Swim,,,635,100,150,110,95,110,70,45,70,286,Medium Slow,2,Monster,Water 1,87.5,20,1,0.5,1,0,4,1,1,0.5,1,1,1,1,0.5,1,1,1,0.5,1
261,Poochyena,Fiffyen,ポチエナ (Pochiena),3,0,0,0,Bite Pokémon,1,Dark,,0.5,13.6,3,Run Away,Quick Feet,Rattled,220,35,55,35,30,30,35,255,70,56,Medium Fast,1,Field,,50.0,15,1,1,1,1,1,1,2,1,1,1,0,2,1,0.5,1,0.5,1,2
262,Mightyena,Magnayen,グラエナ (Graena),3,0,0,0,Bite Pokémon,1,Dark,,1.0,37.0,3,Intimidate,Quick Feet,Moxie,420,70,90,70,60,60,70,127,70,147,Medium Fast,1,Field,,50.0,15,1,1,1,1,1,1,2,1,1,1,0,2,1,0.5,1,0.5,1,2
263,Zigzagoon,Zigzachs,ジグザグマ (Jiguzaguma),3,0,0,0,TinyRaccoon Pokémon,1,Normal,,0.4,17.5,3,Pickup,Gluttony,Quick Feet,240,38,30,41,30,41,60,255.0,70.0,56.0,Medium Fast,1,Field,,50.0,15,1,1,1,1,1,1,2,1,1,1,1,1,1,0,1,1,1,1
263,Galarian Zigzagoon,Zigzachs,ジグザグマ (Jiguzaguma),3,0,0,0,Tiny Raccoon Pokémon,2,Dark,Normal,0.4,17.5,3,Pickup,Gluttony,Quick Feet,240,38,30,41,30,41,60,,,,Medium Fast,1,Field,,,15,1,1,1,1,1,1,4,1,1,1,0,2,1,0,1,0.5,1,2
264,Linoone,Geradaks,マッスグマ (Massuguma),3,0,0,0,Rushing Pokémon,1,Normal,,0.5,32.5,3,Pickup,Gluttony,Quick Feet,420,78,70,61,50,61,100,90.0,70.0,147.0,Medium Fast,1,Field,,50.0,15,1,1,1,1,1,1,2,1,1,1,1,1,1,0,1,1,1,1
264,Galarian Linoone,Geradaks,マッスグマ (Massuguma),3,0,0,0,Rushing Pokémon,2,Dark,Normal,0.5,32.5,3,Pickup,Gluttony,Quick Feet,420,78,70,61,50,61,100,,,,Medium Fast,1,Field,,,15,1,1,1,1,1,1,4,1,1,1,0,2,1,0,1,0.5,1,2
265,Wurmple,Waumpel,ケムッソ (Kemusso),3,0,0,0,Worm Pokémon,1,Bug,,0.3,3.6,2,Shield Dust,,Run Away,195,45,45,35,20,30,20,255,70,56,Medium Fast,1,Bug,,50.0,15,1,2,1,1,0.5,1,0.5,1,0.5,2,1,1,2,1,1,1,1,1
266,Silcoon,Schaloko,カラサリス (Karasalis),3,0,0,0,Cocoon Pokémon,1,Bug,,0.6,10.0,1,Shed Skin,,,205,50,35,55,25,25,15,120,70,72,Medium Fast,1,Bug,,50.0,15,1,2,1,1,0.5,1,0.5,1,0.5,2,1,1,2,1,1,1,1,1
267,Beautifly,Papinella,アゲハント (Agehunt),3,0,0,0,Butterfly Pokémon,2,Bug,Flying,1.0,28.4,2,Swarm,,Rivalry,395,60,70,50,100,50,65,45,70,178,Medium Fast,1,Bug,,50.0,15,1,2,1,2,0.25,2,0.25,1,0,2,1,0.5,4,1,1,1,1,1
268,Cascoon,Panekon,マユルド (Mayuld),3,0,0,0,Cocoon Pokémon,1,Bug,,0.7,11.5,1,Shed Skin,,,205,50,35,55,25,25,15,120,70,72,Medium Fast,1,Bug,,50.0,15,1,2,1,1,0.5,1,0.5,1,0.5,2,1,1,2,1,1,1,1,1
269,Dustox,Pudox,ドクケイル (Dokucale),3,0,0,0,Poison Moth Pokémon,2,Bug,Poison,1.2,31.6,2,Shield Dust,,Compound Eyes,385,60,50,70,50,90,65,45,70,173,Medium Fast,1,Bug,,50.0,15,1,2,1,1,0.25,1,0.25,0.5,1,2,2,0.5,2,1,1,1,1,0.5
270,Lotad,Loturzel,ハスボー (Hassboh),3,0,0,0,Water Weed Pokémon,2,Water,Grass,0.5,2.6,3,Swift Swim,Rain Dish,Own Tempo,220,40,30,30,40,50,30,255,70,44,Medium Slow,2,Grass,Water 1,50.0,15,1,1,0.25,1,1,1,1,2,0.5,2,1,2,1,1,1,1,0.5,1
271,Lombre,Lombrero,ハスブレロ (Hasubrero),3,0,0,0,Jolly Pokémon,2,Water,Grass,1.2,32.5,3,Swift Swim,Rain Dish,Own Tempo,340,60,50,50,60,70,50,120,70,119,Medium Slow,2,Grass,Water 1,50.0,15,1,1,0.25,1,1,1,1,2,0.5,2,1,2,1,1,1,1,0.5,1
272,Ludicolo,Kappalores,ルンパッパ (Runpappa),3,0,0,0,Carefree Pokémon,2,Water,Grass,1.5,55.0,3,Swift Swim,Rain Dish,Own Tempo,480,80,70,70,90,100,70,45,70,216,Medium Slow,2,Grass,Water 1,50.0,15,1,1,0.25,1,1,1,1,2,0.5,2,1,2,1,1,1,1,0.5,1
273,Seedot,Samurzel,タネボー (Taneboh),3,0,0,0,Acorn Pokémon,1,Grass,,0.5,4.0,3,Chlorophyll,Early Bird,Pickpocket,220,40,40,50,30,30,30,255,70,44,Medium Slow,2,Field,Grass,50.0,15,1,2,0.5,0.5,0.5,2,1,2,0.5,2,1,2,1,1,1,1,1,1
274,Nuzleaf,Blanas,コノハナ (Konohana),3,0,0,0,Wily Pokémon,2,Grass,Dark,1.0,28.0,3,Chlorophyll,Early Bird,Pickpocket,340,70,70,40,60,40,60,120,70,119,Medium Slow,2,Field,Grass,50.0,15,1,2,0.5,0.5,0.5,2,2,2,0.5,2,0,4,1,0.5,1,0.5,1,2
275,Shiftry,Tengulist,ダーテング (Dirteng),3,0,0,0,Wicked Pokémon,2,Grass,Dark,1.3,59.6,3,Chlorophyll,Early Bird,Pickpocket,480,90,100,60,90,60,80,45,70,216,Medium Slow,2,Field,Grass,50.0,15,1,2,0.5,0.5,0.5,2,2,2,0.5,2,0,4,1,0.5,1,0.5,1,2
276,Taillow,Schwalbini,スバメ (Subame),3,0,0,0,TinySwallow Pokémon,2,Normal,Flying,0.3,2.3,2,Guts,,Scrappy,270,40,55,30,30,30,85,200,70,54,Medium Slow,1,Flying,,50.0,15,1,1,1,2,0.5,2,1,1,0,1,1,0.5,2,0,1,1,1,1
277,Swellow,Schwalboss,オオスバメ (Ohsubame),3,0,0,0,Swallow Pokémon,2,Normal,Flying,0.7,19.8,2,Guts,,Scrappy,455,60,85,60,75,50,125,45,70,159,Medium Slow,1,Flying,,50.0,15,1,1,1,2,0.5,2,1,1,0,1,1,0.5,2,0,1,1,1,1
278,Wingull,Wingull,キャモメ (Camome),3,0,0,0,Seagull Pokémon,2,Water,Flying,0.6,9.5,3,Keen Eye,Hydration,Rain Dish,270,40,30,30,55,30,85,190,70,54,Medium Fast,2,Flying,Water 1,50.0,20,1,0.5,0.5,4,1,1,0.5,1,0,1,1,0.5,2,1,1,1,0.5,1
279,Pelipper,Pelipper,ペリッパー (Pelipper),3,0,0,0,Water Bird Pokémon,2,Water,Flying,1.2,28.0,3,Keen Eye,Drizzle,Rain Dish,440,60,50,100,95,70,65,45,70,154,Medium Fast,2,Flying,Water 1,50.0,20,1,0.5,0.5,4,1,1,0.5,1,0,1,1,0.5,2,1,1,1,0.5,1
280,Ralts,Trasla,ラルトス (Ralts),3,0,0,0,Feeling Pokémon,2,Psychic,Fairy,0.4,6.6,3,Synchronize,Trace,Telepathy,198,28,25,25,45,35,40,235,35,40,Slow,2,Amorphous,Human-Like,50.0,20,1,1,1,1,1,1,0.25,2,1,1,0.5,1,1,2,0,1,2,1
281,Kirlia,Kirlia,キルリア (Kirlia),3,0,0,0,Emotion Pokémon,2,Psychic,Fairy,0.8,20.2,3,Synchronize,Trace,Telepathy,278,38,35,35,65,55,50,120,35,97,Slow,2,Amorphous,Human-Like,50.0,20,1,1,1,1,1,1,0.25,2,1,1,0.5,1,1,2,0,1,2,1
282,Gardevoir,Guardevoir,サーナイト (Sirnight),3,0,0,0,Embrace Pokémon,2,Psychic,Fairy,1.6,48.4,3,Synchronize,Trace,Telepathy,518,68,65,65,125,115,80,45,35,233,Slow,2,Amorphous,Human-Like,50.0,20,1,1,1,1,1,1,0.25,2,1,1,0.5,1,1,2,0,1,2,1
282,Mega Gardevoir,Guardevoir,サーナイト (Sirnight),3,0,0,0,Embrace Pokémon,2,Psychic,Fairy,1.6,48.4,1,Pixilate,,,618,68,85,65,165,135,100,45,35,278,Slow,1,Amorphous,,50.0,20,1,1,1,1,1,1,0.25,2,1,1,0.5,1,1,2,0,1,2,1
283,Surskit,Gehweiher,アメタマ (Ametama),3,0,0,0,Pond Skater Pokémon,2,Bug,Water,0.5,1.7,2,Swift Swim,,Rain Dish,269,40,30,32,50,52,65,200,70,54,Medium Fast,2,Bug,Water 1,50.0,15,1,1,0.5,2,1,0.5,0.5,1,0.5,2,1,1,2,1,1,1,0.5,1
284,Masquerain,Maskeregen,アメモース (Amemoth),3,0,0,0,Eyeball Pokémon,2,Bug,Flying,0.8,3.6,2,Intimidate,,Unnerve,454,70,60,62,100,82,80,75,70,159,Medium Fast,2,Bug,Water 1,50.0,15,1,2,1,2,0.25,2,0.25,1,0,2,1,0.5,4,1,1,1,1,1
285,Shroomish,Knilz,キノココ (Kinococo),3,0,0,0,Mushroom Pokémon,1,Grass,,0.4,4.5,3,Effect Spore,Poison Heal,Quick Feet,295,60,40,60,40,60,35,255,70,59,Fluctuating,2,Fairy,Grass,50.0,15,1,2,0.5,0.5,0.5,2,1,2,0.5,2,1,2,1,1,1,1,1,1
286,Breloom,Kapilz,キノガッサ (Kinogassa),3,0,0,0,Mushroom Pokémon,2,Grass,Fighting,1.2,39.2,3,Effect Spore,Poison Heal,Technician,460,60,130,80,60,60,70,90,70,161,Fluctuating,2,Fairy,Grass,50.0,15,1,2,0.5,0.5,0.5,2,1,2,0.5,4,2,1,0.5,1,1,0.5,1,2
287,Slakoth,Bummelz,ナマケロ (Namakero),3,0,0,0,Slacker Pokémon,1,Normal,,0.8,24.0,1,Truant,,,280,60,60,60,35,35,30,255,70,56,Slow,1,Field,,50.0,15,1,1,1,1,1,1,2,1,1,1,1,1,1,0,1,1,1,1
288,Vigoroth,Muntier,ヤルキモノ (Yarukimono),3,0,0,0,Wild Monkey Pokémon,1,Normal,,1.4,46.5,1,Vital Spirit,,,440,80,80,80,55,55,90,120,70,154,Slow,1,Field,,50.0,15,1,1,1,1,1,1,2,1,1,1,1,1,1,0,1,1,1,1
289,Slaking,Letarking,ケッキング (Kekking),3,0,0,0,Lazy Pokémon,1,Normal,,2.0,130.5,1,Truant,,,670,150,160,100,95,65,100,45,70,252,Slow,1,Field,,50.0,15,1,1,1,1,1,1,2,1,1,1,1,1,1,0,1,1,1,1
290,Nincada,Nincada,ツチニン (Tutinin),3,0,0,0,Trainee Pokémon,2,Bug,Ground,0.5,5.5,2,Compound Eyes,,Run Away,266,31,45,90,30,30,40,255,70,53,Erratic,1,Bug,,50.0,15,1,2,2,0,1,2,0.5,0.5,0.5,2,1,1,1,1,1,1,1,1
291,Ninjask,Ninjask,テッカニン (Tekkanin),3,0,0,0,Ninja Pokémon,2,Bug,Flying,0.8,12.0,2,Speed Boost,,Infiltrator,456,61,90,45,50,50,160,120,70,160,Erratic,1,Bug,,50.0,15,1,2,1,2,0.25,2,0.25,1,0,2,1,0.5,4,1,1,1,1,1
292,Shedinja,Ninjatom,ヌケニン (Nukenin),3,0,0,0,Shed Pokémon,2,Bug,Ghost,0.8,1.2,1,Wonder Guard,,,236,1,90,45,30,30,40,45,70,83,Erratic,1,Mineral,,,15,0,2,0,0,0,0,0,0,0,2,0,0,2,2,0,2,0,0
293,Whismur,Flurmel,ゴニョニョ (Gonyonyo),3,0,0,0,Whisper Pokémon,1,Normal,,0.6,16.3,2,Soundproof,,Rattled,240,64,51,23,51,23,28,190,70,48,Medium Slow,2,Field,Monster,50.0,20,1,1,1,1,1,1,2,1,1,1,1,1,1,0,1,1,1,1
294,Loudred,Krakeelo,ドゴーム (Dogohmb),3,0,0,0,Big Voice Pokémon,1,Normal,,1.0,40.5,2,Soundproof,,Scrappy,360,84,71,43,71,43,48,120,70,126,Medium Slow,2,Field,Monster,50.0,20,1,1,1,1,1,1,2,1,1,1,1,1,1,0,1,1,1,1
295,Exploud,Krawumms,バクオング (Bakuong),3,0,0,0,Loud Noise Pokémon,1,Normal,,1.5,84.0,2,Soundproof,,Scrappy,490,104,91,63,91,73,68,45,70,221,Medium Slow,2,Field,Monster,50.0,20,1,1,1,1,1,1,2,1,1,1,1,1,1,0,1,1,1,1
296,Makuhita,Makuhita,マクノシタ (Makunoshita),3,0,0,0,Guts Pokémon,1,Fighting,,1.0,86.4,3,Thick Fat,Guts,Sheer Force,237,72,60,30,20,30,25,180,70,47,Fluctuating,1,Human-Like,,75.0,20,1,0.5,1,1,1,0.5,1,1,1,2,2,0.5,0.5,1,1,0.5,1,2
297,Hariyama,Hariyama,ハリテヤマ (Hariteyama),3,0,0,0,Arm Thrust Pokémon,1,Fighting,,2.3,253.8,3,Thick Fat,Guts,Sheer Force,474,144,120,60,40,60,50,200,70,166,Fluctuating,1,Human-Like,,75.0,20,1,0.5,1,1,1,0.5,1,1,1,2,2,0.5,0.5,1,1,0.5,1,2
298,Azurill,Azurill,ルリリ (Ruriri),3,0,0,0,Polka Dot Pokémon,2,Normal,Fairy,0.2,2.0,3,Thick Fat,Huge Power,Sap Sipper,190,50,20,40,20,40,20,150,70,38,Fast,1,Undiscovered,,25.0,10,1,0.5,1,1,1,0.5,1,2,1,1,1,0.5,1,0,0,0.5,2,1
299,Nosepass,Nasgnet,ノズパス (Nosepass),3,0,0,0,Compass Pokémon,1,Rock,,1.0,97.0,3,Sturdy,Magnet Pull,Sand Force,375,30,45,135,45,90,30,255,70,75,Medium Fast,1,Mineral,,50.0,20,0.5,0.5,2,1,2,1,2,0.5,2,0.5,1,1,1,1,1,1,2,1
300,Skitty,Eneco,エネコ (Eneco),3,0,0,0,Kitten Pokémon,1,Normal,,0.6,11.0,3,Cute Charm,Normalize,Wonder Skin,260,50,45,45,35,35,50,255,70,52,Fast,2,Fairy,Field,25.0,15,1,1,1,1,1,1,2,1,1,1,1,1,1,0,1,1,1,1
301,Delcatty,Enekoro,エネコロロ (Enekororo),3,0,0,0,Prim Pokémon,1,Normal,,1.1,32.6,3,Cute Charm,Normalize,Wonder Skin,400,70,65,65,55,55,90,60,70,140,Fast,2,Fairy,Field,25.0,15,1,1,1,1,1,1,2,1,1,1,1,1,1,0,1,1,1,1
302,Sableye,Zobiris,ヤミラミ (Yamirami),3,0,0,0,Darkness Pokémon,2,Dark,Ghost,0.5,11.0,3,Keen Eye,Stall,Prankster,380,50,75,75,65,65,50,45,35,133,Medium Slow,1,Human-Like,,50.0,25,0,1,1,1,1,1,0,0.5,1,1,0,1,1,1,1,1,1,2
302,Mega Sableye,Zobiris,ヤミラミ (Yamirami),3,0,0,0,Darkness Pokémon,2,Dark,Ghost,0.5,161.0,1,Magic Bounce,,,480,50,85,125,85,115,20,45,35,168,Medium Slow,1,Human-Like,,50.0,25,0,1,1,1,1,1,0,0.5,1,1,0,1,1,1,1,1,1,2
303,Mawile,Flunkifer,クチート (Kucheat),3,0,0,0,Deceiver Pokémon,2,Steel,Fairy,0.6,11.5,3,Hyper Cutter,Intimidate,Sheer Force,380,50,85,85,55,55,50,45,70,133,Fast,2,Fairy,Field,50.0,20,0.5,2,1,1,0.5,0.5,1,0,2,0.5,0.5,0.25,0.5,1,0,0.5,1,0.5
303,Mega Mawile,Flunkifer,クチート (Kucheat),3,0,0,0,Deceiver Pokémon,2,Steel,Fairy,1.0,23.5,1,Huge Power,,,480,50,105,125,55,95,50,45,70,168,Fast,2,Fairy,Field,50.0,20,0.5,2,1,1,0.5,0.5,1,0,2,0.5,0.5,0.25,0.5,1,0,0.5,1,0.5
304,Aron,Stollunior,ココドラ (Cokodora),3,0,0,0,Iron Armor Pokémon,2,Steel,Rock,0.4,60.0,3,Sturdy,Rock Head,Heavy Metal,330,50,70,100,40,40,30,180,35,66,Slow,1,Monster,,50.0,35,0.25,1,2,1,1,0.5,4,0,4,0.25,0.5,0.5,0.5,1,0.5,1,1,0.5
305,Lairon,Stollrak,コドラ (Kodora),3,0,0,0,Iron Armor Pokémon,2,Steel,Rock,0.9,120.0,3,Sturdy,Rock Head,Heavy Metal,430,60,90,140,50,50,40,90,35,151,Slow,1,Monster,,50.0,35,0.25,1,2,1,1,0.5,4,0,4,0.25,0.5,0.5,0.5,1,0.5,1,1,0.5
306,Aggron,Stolloss,ボスゴドラ (Bossgodora),3,0,0,0,Iron Armor Pokémon,2,Steel,Rock,2.1,360.0,3,Sturdy,Rock Head,Heavy Metal,530,70,110,180,60,60,50,45,35,239,Slow,1,Monster,,50.0,35,0.25,1,2,1,1,0.5,4,0,4,0.25,0.5,0.5,0.5,1,0.5,1,1,0.5
306,Mega Aggron,Stolloss,ボスゴドラ (Bossgodora),3,0,0,0,Iron Armor Pokémon,1,Steel,,2.2,395.0,1,Filter,,,630,70,140,230,60,80,50,45,35,284,Slow,1,Monster,,50.0,35,0.5,1.5,1,1,0.5,0.5,1.5,0,1.5,0.5,0.5,0.5,0.5,1,0.5,1,0.5,0.5
307,Meditite,Meditie,アサナン (Asanan),3,0,0,0,Meditate Pokémon,2,Fighting,Psychic,0.6,11.2,2,Pure Power,,Telepathy,280,30,40,55,40,55,60,180,70,56,Medium Fast,1,Human-Like,,50.0,20,1,1,1,1,1,1,0.5,1,1,2,1,1,0.5,2,1,1,1,2
308,Medicham,Meditalis,チャーレム (Charem),3,0,0,0,Meditate Pokémon,2,Fighting,Psychic,1.3,31.5,2,Pure Power,,Telepathy,410,60,60,75,60,75,80,90,70,144,Medium Fast,1,Human-Like,,50.0,20,1,1,1,1,1,1,0.5,1,1,2,1,1,0.5,2,1,1,1,2
308,Mega Medicham,Meditalis,チャーレム (Charem),3,0,0,0,Meditate Pokémon,2,Fighting,Psychic,1.3,31.5,1,Pure Power,,,510,60,100,85,80,85,100,90,70,179,Medium Fast,1,Human-Like,,50.0,20,1,1,1,1,1,1,0.5,1,1,2,1,1,0.5,2,1,1,1,2
309,Electrike,Frizelbliz,ラクライ (Rakurai),3,0,0,0,Lightning Pokémon,1,Electric,,0.6,15.2,3,Static,Lightning Rod,Minus,295,40,45,40,65,40,65,120,70,59,Slow,1,Field,,50.0,20,1,1,1,0.5,1,1,1,1,2,0.5,1,1,1,1,1,1,0.5,1
310,Manectric,Voltenso,ライボルト (Livolt),3,0,0,0,Discharge Pokémon,1,Electric,,1.5,40.2,3,Static,Lightning Rod,Minus,475,70,75,60,105,60,105,45,70,166,Slow,1,Field,,50.0,20,1,1,1,0.5,1,1,1,1,2,0.5,1,1,1,1,1,1,0.5,1
310,Mega Manectric,Voltenso,ライボルト (Livolt),3,0,0,0,Discharge Pokémon,1,Electric,,1.8,44.0,1,Intimidate,,,575,70,75,80,135,80,135,45,70,201,Slow,1,Field,,50.0,20,1,1,1,0,1,1,1,1,2,0.5,1,1,1,1,1,1,0.5,1
311,Plusle,Plusle,プラスル (Prasle),3,0,0,0,Cheering Pokémon,1,Electric,,0.4,4.2,2,Plus,,Lightning Rod,405,60,50,40,85,75,95,200,70,142,Medium Fast,1,Fairy,,50.0,20,1,1,1,0.5,1,1,1,1,2,0.5,1,1,1,1,1,1,0.5,1
312,Minun,Minun,マイナン (Minun),3,0,0,0,Cheering Pokémon,1,Electric,,0.4,4.2,2,Minus,,Volt Absorb,405,60,40,50,75,85,95,200,70,142,Medium Fast,1,Fairy,,50.0,20,1,1,1,0.5,1,1,1,1,2,0.5,1,1,1,1,1,1,0.5,1
313,Volbeat,Volbeat,バルビート (Barubeat),3,0,0,0,Firefly Pokémon,1,Bug,,0.7,17.7,3,Illuminate,Swarm,Prankster,430,65,73,75,47,85,85,150,70,151,Erratic,2,Bug,Human-Like,100.0,15,1,2,1,1,0.5,1,0.5,1,0.5,2,1,1,2,1,1,1,1,1
314,Illumise,Illumise,イルミーゼ (Illumise),3,0,0,0,Firefly Pokémon,1,Bug,,0.6,17.7,3,Oblivious,Tinted Lens,Prankster,430,65,47,75,73,85,85,150,70,151,Fluctuating,2,Bug,Human-Like,0.0,15,1,2,1,1,0.5,1,0.5,1,0.5,2,1,1,2,1,1,1,1,1
315,Roselia,Roselia,ロゼリア (Roselia),3,0,0,0,Thorn Pokémon,2,Grass,Poison,0.3,2.0,3,Natural Cure,Poison Point,Leaf Guard,400,50,60,45,100,80,65,150,70,140,Medium Slow,2,Fairy,Grass,50.0,20,1,2,0.5,0.5,0.25,2,0.5,1,1,2,2,1,1,1,1,1,1,0.5
316,Gulpin,Schluppuck,ゴクリン (Gokulin),3,0,0,0,Stomach Pokémon,1,Poison,,0.4,10.3,3,Liquid Ooze,Sticky Hold,Gluttony,302,70,43,53,43,53,40,225,70,60,Fluctuating,1,Amorphous,,50.0,20,1,1,1,1,0.5,1,0.5,0.5,2,1,2,0.5,1,1,1,1,1,0.5
317,Swalot,Schlukwech,マルノーム (Marunoom),3,0,0,0,Poison Bag Pokémon,1,Poison,,1.7,80.0,3,Liquid Ooze,Sticky Hold,Gluttony,467,100,73,83,73,83,55,75,70,163,Fluctuating,1,Amorphous,,50.0,20,1,1,1,1,0.5,1,0.5,0.5,2,1,2,0.5,1,1,1,1,1,0.5
318,Carvanha,Kanivanha,キバニア (Kibanha),3,0,0,0,Savage Pokémon,2,Water,Dark,0.8,20.8,2,Rough Skin,,Speed Boost,305,45,90,20,65,20,65,225,35,61,Slow,1,Water 2,,50.0,20,1,0.5,0.5,2,2,0.5,2,1,1,1,0,2,1,0.5,1,0.5,0.5,2
319,Sharpedo,Tohaido,サメハダー (Samehader),3,0,0,0,Brutal Pokémon,2,Water,Dark,1.8,88.8,2,Rough Skin,,Speed Boost,460,70,120,40,95,40,95,60,35,161,Slow,1,Water 2,,50.0,20,1,0.5,0.5,2,2,0.5,2,1,1,1,0,2,1,0.5,1,0.5,0.5,2
319,Mega Sharpedo,Tohaido,サメハダー (Samehader),3,0,0,0,Brutal Pokémon,2,Water,Dark,2.5,130.3,1,Strong Jaw,,,560,70,140,70,110,65,105,60,35,196,Slow,1,Water 2,,50.0,20,1,0.5,0.5,2,2,0.5,2,1,1,1,0,2,1,0.5,1,0.5,0.5,2
320,Wailmer,Wailmer,ホエルコ (Hoeruko),3,0,0,0,Ball Whale Pokémon,1,Water,,2.0,130.0,3,Water Veil,Oblivious,Pressure,400,130,70,35,70,35,60,125,70,80,Fluctuating,2,Field,Water 2,50.0,40,1,0.5,0.5,2,2,0.5,1,1,1,1,1,1,1,1,1,1,0.5,1
321,Wailord,Wailord,ホエルオー (Whaloh),3,0,0,0,Float Whale Pokémon,1,Water,,14.5,398.0,3,Water Veil,Oblivious,Pressure,500,170,90,45,90,45,60,60,70,175,Fluctuating,2,Field,Water 2,50.0,40,1,0.5,0.5,2,2,0.5,1,1,1,1,1,1,1,1,1,1,0.5,1
322,Numel,Camaub,ドンメル (Donmel),3,0,0,0,Numb Pokémon,2,Fire,Ground,0.7,24.0,3,Oblivious,Simple,Own Tempo,305,60,60,40,65,45,35,255,70,61,Medium Fast,1,Field,,50.0,20,1,0.5,4,0,1,1,1,0.5,2,1,1,0.5,1,1,1,1,0.5,0.5
323,Camerupt,Camerupt,バクーダ (Bakuuda),3,0,0,0,Eruption Pokémon,2,Fire,Ground,1.9,220.0,3,Magma Armor,Solid Rock,Anger Point,460,70,100,70,105,75,40,150,70,161,Medium Fast,1,Field,,50.0,20,1,0.5,4,0,1,1,1,0.5,2,1,1,0.5,1,1,1,1,0.5,0.5
323,Mega Camerupt,Camerupt,バクーダ (Bakuuda),3,0,0,0,Eruption Pokémon,2,Fire,Ground,2.5,320.5,1,Sheer Force,,,560,70,120,100,145,105,20,150,70,196,Medium Fast,1,Field,,50.0,20,1,0.5,3,0,1,1,1,0.5,1.5,1,1,0.5,1,1,1,1,0.5,0.5
324,Torkoal,Qurtel,コータス (Cotoise),3,0,0,0,Coal Pokémon,1,Fire,,0.5,80.4,3,White Smoke,Drought,Shell Armor,470,70,85,140,85,70,20,90,70,165,Medium Fast,1,Field,,50.0,20,1,0.5,2,1,0.5,0.5,1,1,2,1,1,0.5,2,1,1,1,0.5,0.5
325,Spoink,Spoink,バネブー (Baneboo),3,0,0,0,Bounce Pokémon,1,Psychic,,0.7,30.6,3,Thick Fat,Own Tempo,Gluttony,330,60,25,35,70,80,60,255,70,66,Fast,1,Field,,50.0,20,1,0.5,1,1,1,0.5,0.5,1,1,1,0.5,2,1,2,1,2,1,1
326,Grumpig,Groink,ブーピッグ (Boopig),3,0,0,0,Manipulate Pokémon,1,Psychic,,0.9,71.5,3,Thick Fat,Own Tempo,Gluttony,470,80,45,65,90,110,80,60,70,165,Fast,1,Field,,50.0,20,1,0.5,1,1,1,0.5,0.5,1,1,1,0.5,2,1,2,1,2,1,1
327,Spinda,Pandir,パッチール (Patcheel),3,0,0,0,Spot Panda Pokémon,1,Normal,,1.1,5.0,3,Own Tempo,Tangled Feet,Contrary,360,60,60,60,60,60,60,255,70,126,Fast,2,Field,Human-Like,50.0,15,1,1,1,1,1,1,2,1,1,1,1,1,1,0,1,1,1,1
328,Trapinch,Knacklion,ナックラー (Nuckrar),3,0,0,0,Ant Pit Pokémon,1,Ground,,0.7,15.0,3,Hyper Cutter,Arena Trap,Sheer Force,290,45,100,45,45,45,10,255,70,58,Medium Slow,2,Bug,Dragon,50.0,20,1,1,2,0,2,2,1,0.5,1,1,1,1,0.5,1,1,1,1,1
329,Vibrava,Vibrava,ビブラーバ (Vibrava),3,0,0,0,Vibration Pokémon,2,Ground,Dragon,1.1,15.3,1,Levitate,,,340,50,70,50,50,50,70,120,70,119,Medium Slow,2,Bug,Dragon,50.0,20,1,0.5,1,0,1,4,1,0.5,0,1,1,1,0.5,1,2,1,1,2
330,Flygon,Libelldra,フライゴン (Flygon),3,0,0,0,Mystic Pokémon,2,Ground,Dragon,2.0,82.0,1,Levitate,,,520,80,100,80,80,80,100,45,70,234,Medium Slow,2,Bug,Dragon,50.0,20,1,0.5,1,0,1,4,1,0.5,0,1,1,1,0.5,1,2,1,1,2
331,Cacnea,Tuska,サボネア (Sabonea),3,0,0,0,Cactus Pokémon,1,Grass,,0.4,51.3,2,Sand Veil,,Water Absorb,335,50,85,40,85,40,35,190,35,67,Medium Slow,2,Grass,Human-Like,50.0,20,1,2,0.5,0.5,0.5,2,1,2,0.5,2,1,2,1,1,1,1,1,1
332,Cacturne,Noktuska,ノクタス (Noctus),3,0,0,0,Scarecrow Pokémon,2,Grass,Dark,1.3,77.4,2,Sand Veil,,Water Absorb,475,70,115,60,115,60,55,60,35,166,Medium Slow,2,Grass,Human-Like,50.0,20,1,2,0.5,0.5,0.5,2,2,2,0.5,2,0,4,1,0.5,1,0.5,1,2
333,Swablu,Wablu,チルット (Tyltto),3,0,0,0,Cotton Bird Pokémon,2,Normal,Flying,0.4,1.2,2,Natural Cure,,Cloud Nine,310,45,40,60,40,75,50,255,70,62,Erratic,2,Dragon,Flying,50.0,20,1,1,1,2,0.5,2,1,1,0,1,1,0.5,2,0,1,1,1,1
334,Altaria,Altaria,チルタリス (Tyltalis),3,0,0,0,Humming Pokémon,2,Dragon,Flying,1.1,20.6,2,Natural Cure,,Cloud Nine,490,75,70,90,70,105,80,45,70,172,Erratic,2,Dragon,Flying,50.0,20,1,0.5,0.5,1,0.25,4,0.5,1,0,1,1,0.5,2,1,2,1,1,2
334,Mega Altaria,Altaria,チルタリス (Tyltalis),3,0,0,0,Humming Pokémon,2,Dragon,Fairy,1.5,20.6,1,Pixilate,,,590,75,110,110,110,105,80,45,70,207,Erratic,2,Dragon,Flying,50.0,20,1,0.5,0.5,0.5,0.5,2,0.5,2,1,1,1,0.5,1,1,0,0.5,2,2
335,Zangoose,Sengo,ザングース (Zangoose),3,0,0,0,Cat Ferret Pokémon,1,Normal,,1.3,40.3,2,Immunity,,Toxic Boost,458,73,115,60,60,60,90,90,70,160,Erratic,1,Field,,50.0,20,1,1,1,1,1,1,2,1,1,1,1,1,1,0,1,1,1,1
336,Seviper,Vipitis,ハブネーク (Habunake),3,0,0,0,Fang Snake Pokémon,1,Poison,,2.7,52.5,2,Shed Skin,,Infiltrator,458,73,100,60,100,60,65,90,70,160,Fluctuating,2,Dragon,Field,50.0,20,1,1,1,1,0.5,1,0.5,0.5,2,1,2,0.5,1,1,1,1,1,0.5
337,Lunatone,Lunastein,ルナトーン (Lunatone),3,0,0,0,Meteorite Pokémon,2,Rock,Psychic,1.0,168.0,1,Levitate,,,460,90,55,65,95,85,70,45,70,161,Fast,1,Mineral,,,25,0.5,0.5,2,1,2,1,1,0.5,0,0.5,0.5,2,1,2,1,2,2,1
338,Solrock,Sonnfel,ソルロック (Solrock),3,0,0,0,Meteorite Pokémon,2,Rock,Psychic,1.2,154.0,1,Levitate,,,460,90,95,85,55,65,70,45,70,161,Fast,1,Mineral,,,25,0.5,0.5,2,1,2,1,1,0.5,0,0.5,0.5,2,1,2,1,2,2,1
339,Barboach,Schmerbe,ドジョッチ (Dojoach),3,0,0,0,Whiskers Pokémon,2,Water,Ground,0.4,1.9,3,Oblivious,Anticipation,Hydration,288,50,48,43,46,41,60,190,70,58,Medium Fast,1,Water 2,,50.0,20,1,0.5,1,0,4,1,1,0.5,1,1,1,1,0.5,1,1,1,0.5,1
340,Whiscash,Welsar,ナマズン (Namazun),3,0,0,0,Whiskers Pokémon,2,Water,Ground,0.9,23.6,3,Oblivious,Anticipation,Hydration,468,110,78,73,76,71,60,75,70,164,Medium Fast,1,Water 2,,50.0,20,1,0.5,1,0,4,1,1,0.5,1,1,1,1,0.5,1,1,1,0.5,1
341,Corphish,Krebscorps,ヘイガニ (Heigani),3,0,0,0,Ruffian Pokémon,1,Water,,0.6,11.5,3,Hyper Cutter,Shell Armor,Adaptability,308,43,80,65,50,35,35,205,70,62,Fluctuating,2,Water 1,Water 3,50.0,15,1,0.5,0.5,2,2,0.5,1,1,1,1,1,1,1,1,1,1,0.5,1
342,Crawdaunt,Krebutack,シザリガー (Shizariger),3,0,0,0,Rogue Pokémon,2,Water,Dark,1.1,32.8,3,Hyper Cutter,Shell Armor,Adaptability,468,63,120,85,90,55,55,155,70,164,Fluctuating,2,Water 1,Water 3,50.0,15,1,0.5,0.5,2,2,0.5,2,1,1,1,0,2,1,0.5,1,0.5,0.5,2
343,Baltoy,Puppance,ヤジロン (Yajilon),3,0,0,0,Clay Doll Pokémon,2,Ground,Psychic,0.5,21.5,1,Levitate,,,300,40,40,55,40,70,55,255,70,60,Medium Fast,1,Mineral,,,20,1,1,2,0,2,2,0.5,0.5,0,1,0.5,2,0.5,2,1,2,1,1
344,Claydol,Lepumentas,ネンドール (Nendoll),3,0,0,0,Clay Doll Pokémon,2,Ground,Psychic,1.5,108.0,1,Levitate,,,500,60,70,105,70,120,75,90,70,175,Medium Fast,1,Mineral,,,20,1,1,2,0,2,2,0.5,0.5,0,1,0.5,2,0.5,2,1,2,1,1
345,Lileep,Liliep,リリーラ (Lilyla),3,0,0,0,Sea Lily Pokémon,2,Rock,Grass,1.0,23.8,2,Suction Cups,,Storm Drain,355,66,41,77,61,87,23,45,70,71,Erratic,1,Water 3,,87.5,30,0.5,1,1,0.5,1,2,2,1,1,1,1,2,1,1,1,1,2,1
346,Cradily,Wielie,ユレイドル (Yuradle),3,0,0,0,Barnacle Pokémon,2,Rock,Grass,1.5,60.4,2,Suction Cups,,Storm Drain,495,86,81,97,81,107,43,45,70,173,Erratic,1,Water 3,,87.5,30,0.5,1,1,0.5,1,2,2,1,1,1,1,2,1,1,1,1,2,1
347,Anorith,Anorith,アノプス (Anopth),3,0,0,0,Old Shrimp Pokémon,2,Rock,Bug,0.7,12.5,2,Battle Armor,,Swift Swim,355,45,95,50,40,50,75,45,70,71,Erratic,1,Water 3,,87.5,30,0.5,1,2,1,1,1,1,0.5,1,1,1,1,2,1,1,1,2,1
348,Armaldo,Armaldo,アーマルド (Armaldo),3,0,0,0,Plate Pokémon,2,Rock,Bug,1.5,68.2,2,Battle Armor,,Swift Swim,495,75,125,100,70,80,45,45,70,173,Erratic,1,Water 3,,87.5,30,0.5,1,2,1,1,1,1,0.5,1,1,1,1,2,1,1,1,2,1
349,Feebas,Barschwa,ヒンバス (Hinbass),3,0,0,0,Fish Pokémon,1,Water,,0.6,7.4,3,Swift Swim,Oblivious,Adaptability,200,20,15,20,10,55,80,255,70,40,Erratic,2,Dragon,Water 1,50.0,20,1,0.5,0.5,2,2,0.5,1,1,1,1,1,1,1,1,1,1,0.5,1
350,Milotic,Milotic,ミロカロス (Milokaross),3,0,0,0,Tender Pokémon,1,Water,,6.2,162.0,3,Marvel Scale,Competitive,Cute Charm,540,95,60,79,100,125,81,60,70,189,Erratic,2,Dragon,Water 1,50.0,20,1,0.5,0.5,2,2,0.5,1,1,1,1,1,1,1,1,1,1,0.5,1
351,Castform,Formeo,ポワルン (Powalen),3,0,0,0,Weather Pokémon,1,Normal,,0.3,0.8,1,Forecast,,,420,70,70,70,70,70,70,45,70,147,Medium Fast,2,Amorphous,Fairy,50.0,25,1,1,1,1,1,1,2,1,1,1,1,1,1,0,1,1,1,1
352,Kecleon,Kecleon,カクレオン (Kakureon),3,0,0,0,Color Swap Pokémon,1,Normal,,1.0,22.0,2,Color Change,,Protean,440,60,90,70,60,120,40,200,70,154,Medium Slow,1,Field,,50.0,20,1,1,1,1,1,1,2,1,1,1,1,1,1,0,1,1,1,1
353,Shuppet,Shuppet,カゲボウズ (Kagebouzu),3,0,0,0,Puppet Pokémon,1,Ghost,,0.6,2.3,3,Insomnia,Frisk,Cursed Body,295,44,75,35,63,33,45,225,35,59,Fast,1,Amorphous,,50.0,25,0,1,1,1,1,1,0,0.5,1,1,1,0.5,1,2,1,2,1,1
354,Banette,Banette,ジュペッタ (Juppeta),3,0,0,0,Marionette Pokémon,1,Ghost,,1.1,12.5,3,Insomnia,Frisk,Cursed Body,455,64,115,65,83,63,65,45,35,159,Fast,1,Amorphous,,50.0,25,0,1,1,1,1,1,0,0.5,1,1,1,0.5,1,2,1,2,1,1
355,Duskull,Zwirrlicht,ヨマワル (Yomawaru),3,0,0,0,Requiem Pokémon,1,Ghost,,0.8,15.0,2,Levitate,,Frisk,295,20,40,90,30,90,25,190,35,59,Fast,1,Amorphous,,50.0,25,0,1,1,1,1,1,0,0.5,0,1,1,0.5,1,2,1,2,1,1
356,Dusclops,Zwirrklop,サマヨール (Samayouru),3,0,0,0,Beckon Pokémon,1,Ghost,,1.6,30.6,2,Pressure,,Frisk,455,40,70,130,60,130,25,90,35,159,Fast,1,Amorphous,,50.0,25,0,1,1,1,1,1,0,0.5,1,1,1,0.5,1,2,1,2,1,1
357,Tropius,Tropius,トロピウス (Tropius),3,0,0,0,Fruit Pokémon,2,Grass,Flying,2.0,100.0,3,Chlorophyll,Solar Power,Harvest,460,99,68,83,72,87,51,200,70,161,Slow,2,Grass,Monster,50.0,25,1,2,0.5,1,0.25,4,0.5,2,0,2,1,1,2,1,1,1,1,1
358,Chimecho,Palimpalim,チリーン (Chirean),3,0,0,0,Wind Chime Pokémon,1,Psychic,,0.6,1.0,1,Levitate,,,455,75,50,80,95,90,65,45,70,159,Fast,1,Amorphous,,50.0,25,1,1,1,1,1,1,0.5,1,0,1,0.5,2,1,2,1,2,1,1
359,Absol,Absol,アブソル (Absol),3,0,0,0,Disaster Pokémon,1,Dark,,1.2,47.0,3,Pressure,Super Luck,Justified,465,65,130,60,75,60,75,30,35,163,Medium Slow,1,Field,,50.0,25,1,1,1,1,1,1,2,1,1,1,0,2,1,0.5,1,0.5,1,2
360,Wynaut,Isso,ソーナノ (Sohnano),3,0,0,0,Bright Pokémon,1,Psychic,,0.6,14.0,2,Shadow Tag,,Telepathy,260,95,23,48,23,48,23,125,70,52,Medium Fast,1,Undiscovered,,50.0,20,1,1,1,1,1,1,0.5,1,1,1,0.5,2,1,2,1,2,1,1
361,Snorunt,Schneppke,ユキワラシ (Yukiwarashi),3,0,0,0,Snow Hat Pokémon,1,Ice,,0.7,16.8,3,Inner Focus,Ice Body,Moody,300,50,50,50,50,50,50,190,70,60,Medium Fast,2,Fairy,Mineral,50.0,20,1,2,1,1,1,0.5,2,1,1,1,1,1,2,1,1,1,2,1
362,Glalie,Firnontor,オニゴーリ (Onigohri),3,0,0,0,Face Pokémon,1,Ice,,1.5,256.5,3,Inner Focus,Ice Body,Moody,480,80,80,80,80,80,80,75,70,168,Medium Fast,2,Fairy,Mineral,50.0,20,1,2,1,1,1,0.5,2,1,1,1,1,1,2,1,1,1,2,1
363,Spheal,Seemops,タマザラシ (Tamazarashi),3,0,0,0,Clap Pokémon,2,Ice,Water,0.8,39.5,3,Thick Fat,Ice Body,Oblivious,290,70,40,50,55,50,25,255,70,58,Medium Slow,2,Field,Water 1,50.0,20,1,0.5,0.5,2,2,0.125,2,1,1,1,1,1,2,1,1,1,1,1
364,Sealeo,Seejong,トドグラー (Todoggler),3,0,0,0,Ball Roll Pokémon,2,Ice,Water,1.1,87.6,3,Thick Fat,Ice Body,Oblivious,410,90,60,70,75,70,45,120,70,144,Medium Slow,2,Field,Water 1,50.0,20,1,0.5,0.5,2,2,0.125,2,1,1,1,1,1,2,1,1,1,1,1
365,Walrein,Walraisa,トドゼルガ (Todoseruga),3,0,0,0,Ice Break Pokémon,2,Ice,Water,1.4,150.6,3,Thick Fat,Ice Body,Oblivious,530,110,80,90,95,90,65,45,70,239,Medium Slow,2,Field,Water 1,50.0,20,1,0.5,0.5,2,2,0.125,2,1,1,1,1,1,2,1,1,1,1,1
366,Clamperl,Perlu,パールル (Pearlulu),3,0,0,0,Bivalve Pokémon,1,Water,,0.4,52.5,2,Shell Armor,,Rattled,345,35,64,85,74,55,32,255,70,69,Erratic,1,Water 1,,50.0,20,1,0.5,0.5,2,2,0.5,1,1,1,1,1,1,1,1,1,1,0.5,1
367,Huntail,Aalabyss,ハンテール (Huntail),3,0,0,0,Deep Sea Pokémon,1,Water,,1.7,27.0,2,Swift Swim,,Water Veil,485,55,104,105,94,75,52,60,70,170,Erratic,1,Water 1,,50.0,20,1,0.5,0.5,2,2,0.5,1,1,1,1,1,1,1,1,1,1,0.5,1
368,Gorebyss,Saganabyss,サクラビス (Sakurabyss),3,0,0,0,South Sea Pokémon,1,Water,,1.8,22.6,2,Swift Swim,,Hydration,485,55,84,105,114,75,52,60,70,170,Erratic,1,Water 1,,50.0,20,1,0.5,0.5,2,2,0.5,1,1,1,1,1,1,1,1,1,1,0.5,1
369,Relicanth,Relicanth,ジーランス (Glanth),3,0,0,0,Longevity Pokémon,2,Water,Rock,1.0,23.4,3,Swift Swim,Rock Head,Sturdy,485,100,90,130,45,65,55,25,70,170,Slow,2,Water 1,Water 2,87.5,40,0.5,0.25,1,2,4,0.5,2,0.5,2,0.5,1,1,1,1,1,1,1,1
370,Luvdisc,Liebiskus,ラブカス (Lovecus),3,0,0,0,Rendezvous Pokémon,1,Water,,0.6,8.7,2,Swift Swim,,Hydration,330,43,30,55,40,65,97,225,70,116,Fast,1,Water 2,,25.0,20,1,0.5,0.5,2,2,0.5,1,1,1,1,1,1,1,1,1,1,0.5,1
371,Bagon,Kindwurm,タツベイ (Tatsubay),3,0,0,0,Rock Head Pokémon,1,Dragon,,0.6,42.1,2,Rock Head,,Sheer Force,300,45,75,60,40,30,50,45,35,60,Slow,1,Dragon,,50.0,40,1,0.5,0.5,0.5,0.5,2,1,1,1,1,1,1,1,1,2,1,1,2
372,Shelgon,Draschel,コモルー (Komoruu),3,0,0,0,Endurance Pokémon,1,Dragon,,1.1,110.5,2,Rock Head,,Overcoat,420,65,95,100,60,50,50,45,35,147,Slow,1,Dragon,,50.0,40,1,0.5,0.5,0.5,0.5,2,1,1,1,1,1,1,1,1,2,1,1,2
373,Salamence,Brutalanda,ボーマンダ (Bohmander),3,0,0,0,Dragon Pokémon,2,Dragon,Flying,1.5,102.6,2,Intimidate,,Moxie,600,95,135,80,110,80,100,45,35,270,Slow,1,Dragon,,50.0,40,1,0.5,0.5,1,0.25,4,0.5,1,0,1,1,0.5,2,1,2,1,1,2
374,Beldum,Tanhel,ダンバル (Dumbber),3,0,0,0,Iron Ball Pokémon,2,Steel,Psychic,0.6,95.2,2,Clear Body,,Light Metal,300,40,55,80,35,60,30,3,35,60,Slow,1,Mineral,,,40,0.5,2,1,1,0.5,0.5,1,0,2,0.5,0.25,1,0.5,2,0.5,2,0.5,0.5
375,Metang,Metang,メタング (Metang),3,0,0,0,Iron Claw Pokémon,2,Steel,Psychic,1.2,202.5,2,Clear Body,,Light Metal,420,60,75,100,55,80,50,3,35,147,Slow,1,Mineral,,,40,0.5,2,1,1,0.5,0.5,1,0,2,0.5,0.25,1,0.5,2,0.5,2,0.5,0.5
376,Metagross,Metagross,メタグロス (Metagross),3,0,0,0,Iron Leg Pokémon,2,Steel,Psychic,1.6,550.0,2,Clear Body,,Light Metal,600,80,135,130,95,90,70,3,35,270,Slow,1,Mineral,,,40,0.5,2,1,1,0.5,0.5,1,0,2,0.5,0.25,1,0.5,2,0.5,2,0.5,0.5
377,Regirock,Regirock,レジロック (Regirock),3,1,0,0,Rock Peak Pokémon,1,Rock,,1.7,230.0,2,Clear Body,,Sturdy,580,80,100,200,50,100,50,3,35,261,Slow,1,Undiscovered,,,80,0.5,0.5,2,1,2,1,2,0.5,2,0.5,1,1,1,1,1,1,2,1
378,Regice,Regice,レジアイス (Regice),3,1,0,0,Iceberg Pokémon,1,Ice,,1.8,175.0,2,Clear Body,,Ice Body,580,80,50,100,100,200,50,3,35,261,Slow,1,Undiscovered,,,80,1,2,1,1,1,0.5,2,1,1,1,1,1,2,1,1,1,2,1
379,Registeel,Registeel,レジスチル (Registeel),3,1,0,0,Iron Pokémon,1,Steel,,1.9,205.0,2,Clear Body,,Light Metal,580,80,75,150,75,150,50,3,35,261,Slow,1,Undiscovered,,,80,0.5,2,1,1,0.5,0.5,2,0,2,0.5,0.5,0.5,0.5,1,0.5,1,0.5,0.5
380,Latias,Latias,ラティアス (Latias),3,1,0,0,Eon Pokémon,2,Dragon,Psychic,1.4,40.0,1,Levitate,,,600,80,80,90,110,130,110,3,90,270,Slow,1,Undiscovered,,0.0,120,1,0.5,0.5,0.5,0.5,2,0.5,1,0,1,0.5,2,1,2,2,2,1,2
381,Latios,Latios,ラティオス (Latios),3,1,0,0,Eon Pokémon,2,Dragon,Psychic,2.0,60.0,1,Levitate,,,600,80,90,80,130,110,110,3,90,270,Slow,1,Undiscovered,,100.0,120,1,0.5,0.5,0.5,0.5,2,0.5,1,0,1,0.5,2,1,2,2,2,1,2
382,Kyogre,Kyogre,カイオーガ (Kyogre),3,0,1,0,Sea Basin Pokémon,1,Water,,4.5,352.0,1,Drizzle,,,670,100,100,90,150,140,90,3,0,302,Slow,1,Undiscovered,,,120,1,0.5,0.5,2,2,0.5,1,1,1,1,1,1,1,1,1,1,0.5,1
383,Groudon,Groudon,グラードン (Groudon),3,0,1,0,Continent Pokémon,1,Ground,,3.5,950.0,1,Drought,,,670,100,150,140,100,90,90,3,0,302,Slow,1,Undiscovered,,,120,1,1,2,0,2,2,1,0.5,1,1,1,1,0.5,1,1,1,1,1
384,Rayquaza,Rayquaza,レックウザ (Rayquaza),3,0,1,0,Sky High Pokémon,2,Dragon,Flying,7.0,206.5,1,Air Lock,,,680,105,150,90,150,90,95,45,0,306,Slow,1,Undiscovered,,,120,1,0.5,0.5,1,0.25,4,0.5,1,0,1,1,0.5,2,1,2,1,1,2
385,Jirachi,Jirachi,ジラーチ (Jirachi),3,0,0,1,Wish Pokémon,2,Steel,Psychic,0.3,1.1,1,Serene Grace,,,600,100,100,100,100,100,100,3,100,270,Slow,1,Undiscovered,,,120,0.5,2,1,1,0.5,0.5,1,0,2,0.5,0.25,1,0.5,2,0.5,2,0.5,0.5
386,Deoxys Normal Forme,Deoxys,デオキシス (Deoxys),3,0,0,1,DNA Pokémon,1,Psychic,,1.7,60.8,1,Pressure,,,600,50,150,50,150,50,150,3,0,270,Slow,1,Undiscovered,,,120,1,1,1,1,1,1,0.5,1,1,1,0.5,2,1,2,1,2,1,1
