,pokedex_number,english_name,german_name,generation,species,type_1,type_2,type_number,weight_kg,height_m,is_sub_legendary,is_legendary,is_mythical,abilities_number,ability_1,ability_2,ability_hidden,total_points,hp,attack,defense,sp_attack,sp_defense,speed,catch_rate,base_friendship,base_experience,growth_rate,egg_type_number,egg_type_1,egg_type_2,percentage_male,egg_cycles,against_normal,against_fire,against_water,against_electric,against_grass,against_ice,against_fight,against_poison,against_ground,against_flying,against_psychic,against_bug,against_rock,against_ghost,against_dragon,against_dark,against_steel,against_fairy,japanese_name
0,1,Bulbasaur,Bisasam,1,Seed Pokémon,Grass,Poison,2,6.9,0.7,0,0,0,2,Overgrow,,Chlorophyll,318,45,49,49,65,65,45,45,70,64,Medium Slow,2,Grass,Monster,87.5,20,1,2,5,5,25,2,5,1,1,2,2,1,1,1,1,1,1,5,フシギダネ (Fushigidane)
1,2,Ivysaur,Bisaknosp,1,Seed Pokémon,Grass,Poison,2,1.3,0.1,0,0,0,2,Overgrow,,Chlorophyll,405,60,62,63,80,80,60,45,70,142,Medium Slow,2,Grass,Monster,87.5,20,1,2,5,5,25,2,5,1,1,2,2,1,1,1,1,1,1,5,フシギソウ (Fushigisou)
2,3,Venusaur,Bisaflor,1,Seed Pokémon,Grass,Poison,2,10.0,0.2,0,0,0,2,Overgrow,,Chlorophyll,525,80,82,83,100,100,80,45,70,236,Medium Slow,2,Grass,Monster,87.5,20,1,2,5,5,25,2,5,1,1,2,2,1,1,1,1,1,1,5,フシギバナ (Fushigibana)
3,4,Charmander,Glumanda,1,Lizard Pokémon,Fire,,1,8.5,0.6,0,0,0,2,Blaze,,Solar Power,309,39,52,43,60,50,65,45,70,62,Medium Slow,2,Dragon,Monster,87.5,20,1,5,2,1,5,5,1,1,2,1,1,5,2,1,1,1,5,5,ヒトカゲ (Hitokage)
4,5,Charmeleon,Glutexo,1,Flame Pokémon,Fire,,1,1.9,1.1,0,0,0,2,Blaze,,Solar Power,405,58,64,58,80,65,80,45,70,142,Medium Slow,2,Dragon,Monster,87.5,20,1,5,2,1,5,5,1,1,2,1,1,5,2,1,1,1,5,5,リザード (Lizardo)
5,6,Charizard,Glurak,1,Flame Pokémon,Fire,Flying,2,90.5,1.7,0,0,0,2,Blaze,,Solar Power,534,78,84,78,109,85,100,45,70,240,Medium Slow,2,Dragon,Monster,87.5,20,1,5,2,2,25,1,5,1,0,1,1,25,4,1,1,1,5,5,リザードン (Lizardon)
6,7,Squirtle,Schiggy,1,Tiny Turtle Pokémon,Water,,1,0.9,0.5,0,0,0,2,Torrent,,Rain Dish,314,44,48,65,50,64,43,45,70,63,Medium Slow,2,Monster,Water 1,87.5,20,1,5,5,2,2,5,1,1,1,1,1,1,1,1,1,1,5,1,ゼニガメ (Zenigame)
7,8,Wartortle,Schillok,1,Turtle Pokémon,Water,,1,22.5,0.1,0,0,0,2,Torrent,,Rain Dish,405,59,63,80,65,80,58,45,70,142,Medium Slow,2,Monster,Water 1,87.5,20,1,5,5,2,2,5,1,1,1,1,1,1,1,1,1,1,5,1,カメール (Kameil)
8,9,Blastoise,Turtok,1,Shellfish Pokémon,Water,,1,85.5,1.6,0,0,0,2,Torrent,,Rain Dish,530,79,83,100,85,105,78,45,70,239,Medium Slow,2,Monster,Water 1,87.5,20,1,5,5,2,2,5,1,1,1,1,1,1,1,1,1,1,5,1,カメックス (Kamex)
9,10,Caterpie,Raupy,1,Worm Pokémon,Bug,,1,2.9,0.3,0,0,0,2,Shield Dust,,Run Away,195,45,30,35,20,20,45,255,70,39,Medium Fast,1,Bug,,0.5,15,1,2,1,1,5,1,5,1,5,2,1,1,2,1,1,1,1,1,キャタピー (Caterpie)
10,11,Metapod,Safcon,1,Cocoon Pokémon,Bug,,1,9.9,0.7,0,0,0,1,Shed Skin,,,205,50,20,55,25,25,30,120,70,72,Medium Fast,1,Bug,,0.5,15,1,2,1,1,5,1,5,1,5,2,1,1,2,1,1,1,1,1,トランセル (Transel)
11,12,Butterfree,Smettbo,1,Butterfly Pokémon,Bug,Flying,2,3.2,1.1,0,0,0,2,Compound Eyes,,Tinted Lens,395,60,45,50,90,80,70,45,70,178,Medium Fast,1,Bug,,0.5,15,1,2,1,2,25,2,25,1,0,2,1,5,4,1,1,1,1,1,バタフリー (Butterfree)
12,13,Weedle,Hornliu,1,Hairy Bug Pokémon,Bug,Poison,2,3.2,0.3,0,0,0,2,Shield Dust,,Run Away,195,40,35,30,20,20,50,255,70,39,Medium Fast,1,Bug,,0.5,15,1,2,1,1,25,1,25,5,1,2,2,5,2,1,1,1,1,5,ビードル (Beedle)
13,14,Kakuna,Kokuna,1,Cocoon Pokémon,Bug,Poison,2,1.0,0.6,0,0,0,1,Shed Skin,,,205,45,25,50,25,25,35,120,70,72,Medium Fast,1,Bug,,0.5,15,1,2,1,1,25,1,25,5,1,2,2,5,2,1,1,1,1,5,コクーン (Cocoon)
14,15,Beedrill,Bibor,1,Poison Bee Pokémon,Bug,Poison,2,29.5,0.1,0,0,0,2,Swarm,,Sniper,395,65,90,40,45,80,75,45,70,178,Medium Fast,1,Bug,,0.5,15,1,2,1,1,25,1,25,5,1,2,2,5,2,1,1,1,1,5,スピアー (Spear)
15,16,Pidgey,Taubsi,1,Tiny Bird Pokémon,Normal,Flying,2,1.8,0.3,0,0,0,3,Keen Eye,Tangled Feet,Big Pecks,251,40,45,40,35,35,56,255,70,50,Medium Slow,1,Flying,,0.5,15,1,1,1,2,5,2,1,1,0,1,1,5,2,0,1,1,1,1,ポッポ (Poppo)
16,17,Pidgeotto,Tauboga,1,Bird Pokémon,Normal,Flying,2,3.0,1.1,0,0,0,3,Keen Eye,Tangled Feet,Big Pecks,349,63,60,55,50,50,71,120,70,122,Medium Slow,1,Flying,,0.5,15,1,1,1,2,5,2,1,1,0,1,1,5,2,0,1,1,1,1,ピジョン (Pigeon)
17,18,Pidgeot,Tauboss,1,Bird Pokémon,Normal,Flying,2,39.5,1.5,0,0,0,3,Keen Eye,Tangled Feet,Big Pecks,479,83,80,75,70,70,101,45,70,216,Medium Slow,1,Flying,,0.5,15,1,1,1,2,5,2,1,1,0,1,1,5,2,0,1,1,1,1,ピジョット (Pigeot)
18,19,Rattata,Rattfratz,1,Mouse Pokémon,Normal,,1,3.5,0.3,0,0,0,3,Run Away,Guts,Hustle,253,30,56,35,25,35,72,255,70,51,Medium Fast,1,Field,,0.5,15,1,1,1,1,1,1,2,1,1,1,1,1,1,0,1,1,1,1,コラッタ (Koratta)
19,20,Raticate,Rattikarl,1,Mouse Pokémon,Normal,,1,18.5,0.7,0,0,0,3,Run Away,Guts,Hustle,413,55,81,60,50,70,97,127,70,145,Medium Fast,1,Field,,0.5,15,1,1,1,1,1,1,2,1,1,1,1,1,1,0,1,1,1,1,ラッタ (Ratta)
20,21,Spearow,Habitak,1,Tiny Bird Pokémon,Normal,Flying,2,0.2,0.3,0,0,0,2,Keen Eye,,Sniper,262,40,60,30,31,31,70,255,70,52,Medium Fast,1,Flying,,0.5,15,1,1,1,2,5,2,1,1,0,1,1,5,2,0,1,1,1,1,オニスズメ (Onisuzume)
21,22,Fearow,Ibitak,1,Beak Pokémon,Normal,Flying,2,3.8,1.2,0,0,0,2,Keen Eye,,Sniper,442,65,90,65,61,61,100,90,70,155,Medium Fast,1,Flying,,0.5,15,1,1,1,2,5,2,1,1,0,1,1,5,2,0,1,1,1,1,オニドリル (Onidrill)
22,23,Ekans,Rettan,1,Snake Pokémon,Poison,,1,6.9,0.2,0,0,0,3,Intimidate,Shed Skin,Unnerve,288,35,60,44,40,54,55,255,70,58,Medium Fast,2,Dragon,Field,0.5,20,1,1,1,1,5,1,5,5,2,1,2,5,1,1,1,1,1,5,アーボ (Arbo)
23,24,Arbok,Arbok,1,Cobra Pokémon,Poison,,1,6.5,3.5,0,0,0,3,Intimidate,Shed Skin,Unnerve,448,60,95,69,65,79,80,90,70,157,Medium Fast,2,Dragon,Field,0.5,20,1,1,1,1,5,1,5,5,2,1,2,5,1,1,1,1,1,5,アーボック (Arbok)
24,25,Pikachu,Pikachu,1,Mouse Pokémon,Electric,,1,0.6,0.4,0,0,0,2,Static,,Lightning Rod,320,35,55,40,50,50,90,190,70,112,Medium Fast,2,Fairy,Field,0.5,10,1,1,1,5,1,1,1,1,2,5,1,1,1,1,1,1,5,1,ピカチュウ (Pikachu)
25,26,Raichu,Raichu,1,Mouse Pokémon,Electric,,1,3.0,0.8,0,0,0,2,Static,,Lightning Rod,485,60,90,55,90,80,110,75,70,218,Medium Fast,2,Fairy,Field,0.5,10,1,1,1,5,1,1,1,1,2,5,1,1,1,1,1,1,5,1,ライチュウ (Raichu)
26,27,Sandshrew,Sandan,1,Mouse Pokémon,Ground,,1,1.2,0.6,0,0,0,2,Sand Veil,,Sand Rush,300,50,75,85,20,30,40,255,70,60,Medium Fast,1,Field,,0.5,20,1,1,2,0,2,2,1,5,1,1,1,1,5,1,1,1,1,1,サンド (Sand)
27,28,Sandslash,Sandamer,1,Mouse Pokémon,Ground,,1,29.5,0.1,0,0,0,2,Sand Veil,,Sand Rush,450,75,100,110,45,55,65,90,70,158,Medium Fast,1,Field,,0.5,20,1,1,2,0,2,2,1,5,1,1,1,1,5,1,1,1,1,1,サンドパン (Sandpan)
28,29,Nidoran♀,Nidoran♀,1,Poison Pin Pokémon,Poison,,1,0.7,0.4,0,0,0,3,Poison Point,Rivalry,Hustle,275,55,47,52,40,40,41,235,70,55,Medium Slow,2,Field,Monster,0.0,20,1,1,1,1,5,1,5,5,2,1,2,5,1,1,1,1,1,5,ニドラン♀ (Nidoran♀)
29,30,Nidorina,Nidorina,1,Poison Pin Pokémon,Poison,,1,2.0,0.8,0,0,0,3,Poison Point,Rivalry,Hustle,365,70,62,67,55,55,56,120,70,128,Medium Slow,1,Undiscovered,,0.0,20,1,1,1,1,5,1,5,5,2,1,2,5,1,1,1,1,1,5,ニドリーナ (Nidorina)
30,31,Nidoqueen,Nidoqueen,1,Drill Pokémon,Poison,Ground,2,6.0,1.3,0,0,0,3,Poison Point,Rivalry,Sheer Force,505,90,92,87,75,85,76,45,70,227,Medium Slow,1,Undiscovered,,0.0,20,1,1,2,0,1,2,5,25,2,1,2,5,5,1,1,1,1,5,ニドクイン (Nidoqueen)
31,32,Nidoran♂,Nidoran♂,1,Poison Pin Pokémon,Poison,,1,0.9,0.5,0,0,0,3,Poison Point,Rivalry,Hustle,273,46,57,40,40,40,50,235,70,55,Medium Slow,2,Field,Monster,0.1,20,1,1,1,1,5,1,5,5,2,1,2,5,1,1,1,1,1,5,ニドラン♂ (Nidoran♂)
32,33,Nidorino,Nidorino,1,Poison Pin Pokémon,Poison,,1,19.5,0.9,0,0,0,3,Poison Point,Rivalry,Hustle,365,61,72,57,55,55,65,120,70,128,Medium Slow,2,Field,Monster,0.1,20,1,1,1,1,5,1,5,5,2,1,2,5,1,1,1,1,1,5,ニドリーノ (Nidorino)
33,34,Nidoking,Nidoking,1,Drill Pokémon,Poison,Ground,2,6.2,1.4,0,0,0,3,Poison Point,Rivalry,Sheer Force,505,81,102,77,85,75,85,45,70,227,Medium Slow,2,Field,Monster,0.1,20,1,1,2,0,1,2,5,25,2,1,2,5,5,1,1,1,1,5,ニドキング (Nidoking)
34,35,Clefairy,Piepi,1,Fairy Pokémon,Fairy,,1,7.5,0.6,0,0,0,3,Cute Charm,Magic Guard,Friend Guard,323,70,45,48,60,65,35,150,140,113,Fast,1,Fairy,,2.5,10,1,1,1,1,1,1,5,2,1,1,1,5,1,1,0,5,2,1,ピッピ (Pippi)
35,36,Clefable,Pixi,1,Fairy Pokémon,Fairy,,1,4.0,1.3,0,0,0,3,Cute Charm,Magic Guard,Unaware,483,95,70,73,95,90,60,25,140,217,Fast,1,Fairy,,2.5,10,1,1,1,1,1,1,5,2,1,1,1,5,1,1,0,5,2,1,ピクシー (Pixy)
36,37,Vulpix,Vulpix,1,Fox Pokémon,Fire,,1,9.9,0.6,0,0,0,2,Flash Fire,,Drought,299,38,41,40,50,65,65,190,70,60,Medium Fast,1,Field,,2.5,20,1,0,2,1,5,5,1,1,2,1,1,5,2,1,1,1,5,5,ロコン (Rokon)
37,38,Ninetales,Vulnona,1,Fox Pokémon,Fire,,1,19.9,1.1,0,0,0,2,Flash Fire,,Drought,505,73,76,75,81,100,100,75,70,177,Medium Fast,1,Field,,2.5,20,1,0,2,1,5,5,1,1,2,1,1,5,2,1,1,1,5,5,キュウコン (Kyukon)
38,39,Jigglypuff,Pummeluff,1,Balloon Pokémon,Normal,Fairy,2,5.5,0.5,0,0,0,3,Cute Charm,Competitive,Friend Guard,270,115,45,20,45,25,20,170,70,95,Fast,1,Fairy,,2.5,10,1,1,1,1,1,1,1,2,1,1,1,5,1,0,0,5,2,1,プリン (Purin)
39,40,Wigglytuff,Knuddeluff,1,Balloon Pokémon,Normal,Fairy,2,1.2,0.1,0,0,0,3,Cute Charm,Competitive,Frisk,435,140,70,45,85,50,45,50,70,196,Fast,1,Fairy,,2.5,10,1,1,1,1,1,1,1,2,1,1,1,5,1,0,0,5,2,1,プクリン (Pukurin)
40,41,Zubat,Zubat,1,Bat Pokémon,Poison,Flying,2,7.5,0.8,0,0,0,2,Inner Focus,,Infiltrator,245,40,45,35,30,40,55,255,70,49,Medium Fast,1,Flying,,0.5,15,1,1,1,2,25,2,25,5,0,1,2,25,2,1,1,1,1,5,ズバット (Zubat)
41,42,Golbat,Golbat,1,Bat Pokémon,Poison,Flying,2,5.5,1.6,0,0,0,2,Inner Focus,,Infiltrator,455,75,80,70,65,75,90,90,70,159,Medium Fast,1,Flying,,0.5,15,1,1,1,2,25,2,25,5,0,1,2,25,2,1,1,1,1,5,ゴルバット (Golbat)
42,43,Oddish,Myrapla,1,Weed Pokémon,Grass,Poison,2,5.4,0.5,0,0,0,2,Chlorophyll,,Run Away,320,45,50,55,75,65,30,255,70,64,Medium Slow,1,Grass,,0.5,20,1,2,5,5,25,2,5,1,1,2,2,1,1,1,1,1,1,5,ナゾノクサ (Nazonokusa)
43,44,Gloom,Duflor,1,Weed Pokémon,Grass,Poison,2,8.6,0.8,0,0,0,2,Chlorophyll,,Stench,395,60,65,70,85,75,40,120,70,138,Medium Slow,1,Grass,,0.5,20,1,2,5,5,25,2,5,1,1,2,2,1,1,1,1,1,1,5,クサイハナ (Kusaihana)
44,45,Vileplume,Giflor,1,Flower Pokémon,Grass,Poison,2,18.6,1.2,0,0,0,2,Chlorophyll,,Effect Spore,490,75,80,85,110,90,50,45,70,221,Medium Slow,1,Grass,,0.5,20,1,2,5,5,25,2,5,1,1,2,2,1,1,1,1,1,1,5,ラフレシア (Ruffresia)
45,46,Paras,Paras,1,Mushroom Pokémon,Bug,Grass,2,5.4,0.3,0,0,0,3,Effect Spore,Dry Skin,Damp,285,35,70,55,45,55,25,190,70,57,Medium Fast,2,Bug,Grass,0.5,20,1,4,5,5,25,2,5,2,25,4,1,2,2,1,1,1,1,1,パラス (Paras)
46,47,Parasect,Parasek,1,Mushroom Pokémon,Bug,Grass,2,29.5,0.1,0,0,0,3,Effect Spore,Dry Skin,Damp,405,60,95,80,60,80,30,75,70,142,Medium Fast,2,Bug,Grass,0.5,20,1,4,5,5,25,2,5,2,25,4,1,2,2,1,1,1,1,1,パラセクト (Parasect)
47,48,Venonat,Bluzuk,1,Insect Pokémon,Bug,Poison,2,3.0,0.1,0,0,0,3,Compound Eyes,Tinted Lens,Run Away,305,60,55,50,40,55,45,190,70,61,Medium Fast,1,Bug,,0.5,20,1,2,1,1,25,1,25,5,1,2,2,5,2,1,1,1,1,5,コンパン (Kongpang)
48,49,Venomoth,Omot,1,Poison Moth Pokémon,Bug,Poison,2,12.5,1.5,0,0,0,3,Shield Dust,Tinted Lens,Wonder Skin,450,70,65,60,90,75,90,75,70,158,Medium Fast,1,Bug,,0.5,20,1,2,1,1,25,1,25,5,1,2,2,5,2,1,1,1,1,5,モルフォン (Morphon)
49,50,Diglett,Digda,1,Mole Pokémon,Ground,,1,0.8,0.2,0,0,0,3,Sand Veil,Arena Trap,Sand Force,265,10,55,25,35,45,95,255,70,53,Medium Fast,1,Field,,0.5,20,1,1,2,0,2,2,1,5,1,1,1,1,5,1,1,1,1,1,ディグダ (Digda)
50,51,Dugtrio,Digdri,1,Mole Pokémon,Ground,,1,33.3,0.7,0,0,0,3,Sand Veil,Arena Trap,Sand Force,425,35,100,50,50,70,120,50,70,149,Medium Fast,1,Field,,0.5,20,1,1,2,0,2,2,1,5,1,1,1,1,5,1,1,1,1,1,ダグトリオ (Dugtrio)
51,52,Meowth,Mauzi,1,Scratch Cat Pokémon,Normal,,1,4.2,0.4,0,0,0,3,Pickup,Technician,Unnerve,290,40,45,35,40,40,90,2550,700,580,Medium Fast,1,Field,,0.5,20,1,1,1,1,1,1,2,1,1,1,1,1,1,0,1,1,1,1,ニャース (Nyarth)
52,53,Persian,Snobilikat,1,Classy Cat Pokémon,Normal,,1,3.2,0.1,0,0,0,3,Limber,Technician,Unnerve,440,65,70,60,65,65,115,90,70,154,Medium Fast,1,Field,,0.5,20,1,1,1,1,1,1,2,1,1,1,1,1,1,0,1,1,1,1,ペルシアン (Persian)
53,54,Psyduck,Enton,1,Duck Pokémon,Water,,1,19.6,0.8,0,0,0,3,Damp,Cloud Nine,Swift Swim,320,50,52,48,65,50,55,190,70,64,Medium Fast,2,Field,Water 1,0.5,20,1,5,5,2,2,5,1,1,1,1,1,1,1,1,1,1,5,1,コダック (Koduck)
54,55,Golduck,Entoron,1,Duck Pokémon,Water,,1,76.6,1.7,0,0,0,3,Damp,Cloud Nine,Swift Swim,500,80,82,78,95,80,85,75,70,175,Medium Fast,2,Field,Water 1,0.5,20,1,5,5,2,2,5,1,1,1,1,1,1,1,1,1,1,5,1,ゴルダック (Golduck)
55,56,Mankey,Menki,1,Pig Monkey Pokémon,Fighting,,1,2.8,0.5,0,0,0,3,Vital Spirit,Anger Point,Defiant,305,40,80,35,35,45,70,190,70,61,Medium Fast,1,Field,,0.5,20,1,1,1,1,1,1,1,1,1,2,2,5,5,1,1,5,1,2,マンキー (Mankey)
56,57,Primeape,Rasaff,1,Pig Monkey Pokémon,Fighting,,1,3.2,0.1,0,0,0,3,Vital Spirit,Anger Point,Defiant,455,65,105,60,60,70,95,75,70,159,Medium Fast,1,Field,,0.5,20,1,1,1,1,1,1,1,1,1,2,2,5,5,1,1,5,1,2,オコリザル (Okorizaru)
57,58,Growlithe,Fukano,1,Puppy Pokémon,Fire,,1,1.9,0.7,0,0,0,3,Intimidate,Flash Fire,Justified,350,55,70,45,70,50,60,190,70,70,Slow,1,Field,,7.5,20,1,5,2,1,5,5,1,1,2,1,1,5,2,1,1,1,5,5,ガーディ (Gardie)
58,59,Arcanine,Arkani,1,Legendary Pokémon,Fire,,1,15.5,1.9,0,0,0,3,Intimidate,Flash Fire,Justified,555,90,110,80,100,80,95,75,70,194,Slow,1,Field,,7.5,20,1,5,2,1,5,5,1,1,2,1,1,5,2,1,1,1,5,5,ウインディ (Windie)
59,60,Poliwag,Quapsel,1,Tadpole Pokémon,Water,,1,12.4,0.6,0,0,0,3,Water Absorb,Damp,Swift Swim,300,40,50,40,40,40,90,255,70,60,Medium Slow,1,Water 1,,0.5,20,1,5,0,2,2,5,1,1,1,1,1,1,1,1,1,1,5,1,ニョロモ (Nyoromo)
60,61,Poliwhirl,Quaputzi,1,Tadpole Pokémon,Water,,1,2.0,0.1,0,0,0,3,Water Absorb,Damp,Swift Swim,385,65,65,65,50,50,90,120,70,135,Medium Slow,1,Water 1,,0.5,20,1,5,0,2,2,5,1,1,1,1,1,1,1,1,1,1,5,1,ニョロゾ (Nyorozo)
61,62,Poliwrath,Quappo,1,Tadpole Pokémon,Water,Fighting,2,5.4,1.3,0,0,0,3,Water Absorb,Damp,Swift Swim,510,90,95,95,70,90,70,45,70,230,Medium Slow,1,Water 1,,0.5,20,1,5,0,2,2,5,1,1,1,2,2,5,5,1,1,5,5,2,ニョロボン (Nyorobon)
62,63,Abra,Abra,1,Psi Pokémon,Psychic,,1,19.5,0.9,0,0,0,3,Synchronize,Inner Focus,Magic Guard,310,25,20,15,105,55,90,200,70,62,Medium Slow,1,Human-Like,,7.5,20,1,1,1,1,1,1,5,1,1,1,5,2,1,2,1,2,1,1,ケーシィ (Casey)
63,64,Kadabra,Kadabra,1,Psi Pokémon,Psychic,,1,56.5,1.3,0,0,0,3,Synchronize,Inner Focus,Magic Guard,400,40,35,30,120,70,105,100,70,140,Medium Slow,1,Human-Like,,7.5,20,1,1,1,1,1,1,5,1,1,1,5,2,1,2,1,2,1,1,ユンゲラー (Yungerer)
64,65,Alakazam,Simsala,1,Psi Pokémon,Psychic,,1,4.8,1.5,0,0,0,3,Synchronize,Inner Focus,Magic Guard,500,55,50,45,135,95,120,50,70,225,Medium Slow,1,Human-Like,,7.5,20,1,1,1,1,1,1,5,1,1,1,5,2,1,2,1,2,1,1,フーディン (Foodin)
65,66,Machop,Machollo,1,Superpower Pokémon,Fighting,,1,19.5,0.8,0,0,0,3,Guts,No Guard,Steadfast,305,70,80,50,35,35,35,180,70,61,Medium Slow,1,Human-Like,,7.5,20,1,1,1,1,1,1,1,1,1,2,2,5,5,1,1,5,1,2,ワンリキー (Wanriky)
66,67,Machoke,Maschock,1,Superpower Pokémon,Fighting,,1,70.5,1.5,0,0,0,3,Guts,No Guard,Steadfast,405,80,100,70,50,60,45,90,70,142,Medium Slow,1,Human-Like,,7.5,20,1,1,1,1,1,1,1,1,1,2,2,5,5,1,1,5,1,2,ゴーリキー (Goriky)
67,68,Machamp,Machomei,1,Superpower Pokémon,Fighting,,1,13.0,1.6,0,0,0,3,Guts,No Guard,Steadfast,505,90,130,80,65,85,55,45,70,227,Medium Slow,1,Human-Like,,7.5,20,1,1,1,1,1,1,1,1,1,2,2,5,5,1,1,5,1,2,カイリキー (Kairiky)
68,69,Bellsprout,Knofensa,1,Flower Pokémon,Grass,Poison,2,0.4,0.7,0,0,0,2,Chlorophyll,,Gluttony,300,50,75,35,70,30,40,255,70,60,Medium Slow,1,Grass,,0.5,20,1,2,5,5,25,2,5,1,1,2,2,1,1,1,1,1,1,5,マダツボミ (Madatsubomi)
69,70,Weepinbell,Ultrigaria,1,Flycatcher Pokémon,Grass,Poison,2,6.4,0.1,0,0,0,2,Chlorophyll,,Gluttony,390,65,90,50,85,45,55,120,70,137,Medium Slow,1,Grass,,0.5,20,1,2,5,5,25,2,5,1,1,2,2,1,1,1,1,1,1,5,ウツドン (Utsudon)
70,71,Victreebel,Sarzenia,1,Flycatcher Pokémon,Grass,Poison,2,15.5,1.7,0,0,0,2,Chlorophyll,,Gluttony,490,80,105,65,100,70,70,45,70,221,Medium Slow,1,Grass,,0.5,20,1,2,5,5,25,2,5,1,1,2,2,1,1,1,1,1,1,5,ウツボット (Utsubot)
71,72,Tentacool,Tentacha,1,Jellyfish Pokémon,Water,Poison,2,45.5,0.9,0,0,0,3,Clear Body,Liquid Ooze,Rain Dish,335,40,40,35,50,100,70,190,70,67,Slow,1,Water 3,,0.5,20,1,5,5,2,1,5,5,5,2,1,2,5,1,1,1,1,5,5,メノクラゲ (Menokurage)
72,73,Tentacruel,Tentoxa,1,Jellyfish Pokémon,Water,Poison,2,5.5,1.6,0,0,0,3,Clear Body,Liquid Ooze,Rain Dish,515,80,70,65,80,120,100,60,70,180,Slow,1,Water 3,,0.5,20,1,5,5,2,1,5,5,5,2,1,2,5,1,1,1,1,5,5,ドククラゲ (Dokukurage)
73,74,Geodude,Kleinstein,1,Rock Pokémon,Rock,Ground,2,2.0,0.4,0,0,0,3,Rock Head,Sturdy,Sand Veil,300,40,80,100,30,30,20,255,70,60,Medium Slow,1,Mineral,,0.5,15,5,5,4,0,4,2,2,25,2,5,1,1,5,1,1,1,2,1,イシツブテ (Isitsubute)
74,75,Graveler,Georok,1,Rock Pokémon,Rock,Ground,2,10.5,0.1,0,0,0,3,Rock Head,Sturdy,Sand Veil,390,55,95,115,45,45,35,120,70,137,Medium Slow,1,Mineral,,0.5,15,5,5,4,0,4,2,2,25,2,5,1,1,5,1,1,1,2,1,ゴローン (Golone)
75,76,Golem,Geowaz,1,Megaton Pokémon,Rock,Ground,2,30.0,1.4,0,0,0,3,Rock Head,Sturdy,Sand Veil,495,80,120,130,55,65,45,45,70,223,Medium Slow,1,Mineral,,0.5,15,5,5,4,0,4,2,2,25,2,5,1,1,5,1,1,1,2,1,ゴローニャ (Golonya)
76,77,Ponyta,Ponita,1,Fire Horse Pokémon,Fire,,1,3.0,0.1,0,0,0,3,Run Away,Flash Fire,Flame Body,410,50,85,55,65,65,90,1900,700,820,Medium Fast,1,Field,,0.5,20,1,5,2,1,5,5,1,1,2,1,1,5,2,1,1,1,5,5,ポニータ (Ponyta)
77,78,Rapidash,Gallopa,1,Fire Horse Pokémon,Fire,,1,9.5,1.7,0,0,0,3,Run Away,Flash Fire,Flame Body,500,65,100,70,80,80,105,600,700,1750,Medium Fast,1,Field,,0.5,20,1,5,2,1,5,5,1,1,2,1,1,5,2,1,1,1,5,5,ギャロップ (Gallop)
78,79,Slowpoke,Flegmon,1,Dopey Pokémon,Water,Psychic,2,3.6,1.2,0,0,0,3,Oblivious,Own Tempo,Regenerator,3150,900,650,650,400,400,150,1900,700,630,Medium Fast,2,Monster,Water 1,0.5,200,1,5,5,2,2,5,5,1,1,1,5,2,1,2,1,2,5,1,ヤドン (Yadon)
79,80,Slowbro,Lahmus,1,Hermit Crab Pokémon,Water,Psychic,2,78.5,1.6,0,0,0,3,Oblivious,Own Tempo,Regenerator,4900,950,750,1100,1000,800,300,750,700,1720,Medium Fast,2,Monster,Water 1,0.5,200,1,5,5,2,2,5,5,1,1,1,5,2,1,2,1,2,5,1,ヤドラン (Yadoran)
80,81,Magnemite,Magnetilo,1,Magnet Pokémon,Electric,Steel,2,0.6,0.3,0,0,0,3,Magnet Pull,Sturdy,Analytic,325,25,35,70,95,55,45,190,70,65,Medium Fast,1,Mineral,,,20,5,2,1,5,5,5,2,0,4,25,5,5,5,1,5,1,25,5,コイル (Coil)
81,82,Magneton,Magneton,1,Magnet Pokémon,Electric,Steel,2,6.0,0.1,0,0,0,3,Magnet Pull,Sturdy,Analytic,465,50,60,95,120,70,70,60,70,163,Medium Fast,1,Mineral,,,20,5,2,1,5,5,5,2,0,4,25,5,5,5,1,5,1,25,5,レアコイル (Rarecoil)
82,83,Farfetch'd,Porenta,1,Wild Duck Pokémon,Normal,Flying,2,1.5,0.8,0,0,0,3,Keen Eye,Inner Focus,Defiant,377,52,90,55,58,62,60,450,700,1320,Medium Fast,2,Field,Flying,0.5,20,1,1,1,2,5,2,1,1,0,1,1,5,2,0,1,1,1,1,カモネギ (Kamonegi)
83,84,Doduo,Dodu,1,Twin Bird Pokémon,Normal,Flying,2,39.2,1.4,0,0,0,3,Run Away,Early Bird,Tangled Feet,310,35,85,45,35,35,75,190,70,62,Medium Fast,1,Flying,,0.5,20,1,1,1,2,5,2,1,1,0,1,1,5,2,0,1,1,1,1,ドードー (Dodo)
84,85,Dodrio,Dodri,1,Triple Bird Pokémon,Normal,Flying,2,85.2,1.8,0,0,0,3,Run Away,Early Bird,Tangled Feet,470,60,110,70,60,60,110,45,70,165,Medium Fast,1,Flying,,0.5,20,1,1,1,2,5,2,1,1,0,1,1,5,2,0,1,1,1,1,ドードリオ (Dodorio)
85,86,Seel,Jurob,1,Sea Lion Pokémon,Water,,1,9.0,1.1,0,0,0,3,Thick Fat,Hydration,Ice Body,325,65,45,55,45,70,45,190,70,65,Medium Fast,2,Field,Water 1,0.5,20,1,25,5,2,2,25,1,1,1,1,1,1,1,1,1,1,5,1,パウワウ (Pawou)
86,87,Dewgong,Jugong,1,Sea Lion Pokémon,Water,Ice,2,12.0,1.7,0,0,0,3,Thick Fat,Hydration,Ice Body,475,90,70,80,70,95,70,75,70,166,Medium Fast,2,Field,Water 1,0.5,20,1,5,5,2,2,125,2,1,1,1,1,1,2,1,1,1,1,1,ジュゴン (Jugon)
87,88,Grimer,Sleima,1,Sludge Pokémon,Poison,,1,3.0,0.9,0,0,0,3,Stench,Sticky Hold,Poison Touch,325,80,80,50,40,50,25,190,70,65,Medium Fast,1,Amorphous,,0.5,20,1,1,1,1,5,1,5,5,2,1,2,5,1,1,1,1,1,5,ベトベター (Betbeter)
88,89,Muk,Sleimok,1,Sludge Pokémon,Poison,,1,3.0,1.2,0,0,0,3,Stench,Sticky Hold,Poison Touch,500,105,105,75,65,100,50,75,70,175,Medium Fast,1,Amorphous,,0.5,20,1,1,1,1,5,1,5,5,2,1,2,5,1,1,1,1,1,5,ベトベトン (Betbeton)
89,90,Shellder,Muschas,1,Bivalve Pokémon,Water,,1,0.4,0.3,0,0,0,3,Shell Armor,Skill Link,Overcoat,305,30,65,100,45,25,40,190,70,61,Slow,1,Water 3,,0.5,20,1,5,5,2,2,5,1,1,1,1,1,1,1,1,1,1,5,1,シェルダー (Shellder)
90,91,Cloyster,Austos,1,Bivalve Pokémon,Water,Ice,2,132.5,1.5,0,0,0,3,Shell Armor,Skill Link,Overcoat,525,50,95,180,85,45,70,60,70,184,Slow,1,Water 3,,0.5,20,1,1,5,2,2,25,2,1,1,1,1,1,2,1,1,1,1,1,パルシェン (Parshen)
91,92,Gastly,Nebulak,1,Gas Pokémon,Ghost,Poison,2,0.1,1.3,0,0,0,1,Levitate,,,310,30,35,30,100,35,80,190,70,62,Medium Slow,1,Amorphous,,0.5,20,0,1,1,1,5,1,0,25,0,1,2,25,1,2,1,2,1,5,ゴース (Ghos)
92,93,Haunter,Alpollo,1,Gas Pokémon,Ghost,Poison,2,0.1,1.6,0,0,0,1,Levitate,,,405,45,50,45,115,55,95,90,70,142,Medium Slow,1,Amorphous,,0.5,20,0,1,1,1,5,1,0,25,0,1,2,25,1,2,1,2,1,5,ゴースト (Ghost)
93,94,Gengar,Gengar,1,Shadow Pokémon,Ghost,Poison,2,40.5,1.5,0,0,0,1,Cursed Body,,,500,60,65,60,130,75,110,45,70,225,Medium Slow,1,Amorphous,,0.5,20,0,1,1,1,5,1,0,25,2,1,2,25,1,2,1,2,1,5,ゲンガー (Gangar)
94,95,Onix,Onix,1,Rock Snake Pokémon,Rock,Ground,2,21.0,8.8,0,0,0,3,Rock Head,Sturdy,Weak Armor,385,35,45,160,30,45,70,45,70,77,Medium Fast,1,Mineral,,0.5,25,5,5,4,0,4,2,2,25,2,5,1,1,5,1,1,1,2,1,イワーク (Iwark)
95,96,Drowzee,Traumato,1,Hypnosis Pokémon,Psychic,,1,32.4,0.1,0,0,0,3,Insomnia,Forewarn,Inner Focus,328,60,48,45,43,90,42,190,70,66,Medium Fast,1,Human-Like,,0.5,20,1,1,1,1,1,1,5,1,1,1,5,2,1,2,1,2,1,1,スリープ (Sleepe)
96,97,Hypno,Hypno,1,Hypnosis Pokémon,Psychic,,1,75.6,1.6,0,0,0,3,Insomnia,Forewarn,Inner Focus,483,85,73,70,73,115,67,75,70,169,Medium Fast,1,Human-Like,,0.5,20,1,1,1,1,1,1,5,1,1,1,5,2,1,2,1,2,1,1,スリーパー (Sleeper)
97,98,Krabby,Krabby,1,River Crab Pokémon,Water,,1,6.5,0.4,0,0,0,3,Hyper Cutter,Shell Armor,Sheer Force,325,30,105,90,25,25,50,225,70,65,Medium Fast,1,Water 3,,0.5,20,1,5,5,2,2,5,1,1,1,1,1,1,1,1,1,1,5,1,クラブ (Crab)
98,99,Kingler,Kingler,1,Pincer Pokémon,Water,,1,6.0,1.3,0,0,0,3,Hyper Cutter,Shell Armor,Sheer Force,475,55,130,115,50,50,75,60,70,166,Medium Fast,1,Water 3,,0.5,20,1,5,5,2,2,5,1,1,1,1,1,1,1,1,1,1,5,1,キングラー (Kingler)
99,100,Voltorb,Voltobal,1,Ball Pokémon,Electric,,1,10.4,0.5,0,0,0,3,Soundproof,Static,Aftermath,330,40,30,50,55,55,100,190,70,66,Medium Fast,1,Mineral,,,20,1,1,1,5,1,1,1,1,2,5,1,1,1,1,1,1,5,1,ビリリダマ (Biriridama)
100,101,Electrode,Lektrobal,1,Ball Pokémon,Electric,,1,66.6,1.2,0,0,0,3,Soundproof,Static,Aftermath,490,60,50,70,80,80,150,60,70,172,Medium Fast,1,Mineral,,,20,1,1,1,5,1,1,1,1,2,5,1,1,1,1,1,1,5,1,マルマイン (Marumine)
101,102,Exeggcute,Owei,1,Egg Pokémon,Grass,Psychic,2,2.5,0.4,0,0,0,2,Chlorophyll,,Harvest,325,60,40,80,60,45,40,90,70,65,Slow,1,Grass,,0.5,20,1,2,5,5,5,2,5,2,5,2,5,4,1,2,1,2,1,1,タマタマ (Tamatama)
102,103,Exeggutor,Kokowei,1,Coconut Pokémon,Grass,Psychic,2,12.0,0.2,0,0,0,2,Chlorophyll,,Harvest,530,95,95,85,125,75,55,45,70,186,Slow,1,Grass,,0.5,20,1,2,5,5,5,2,5,2,5,2,5,4,1,2,1,2,1,1,ナッシー (Nassy)
103,104,Cubone,Tragosso,1,Lonely Pokémon,Ground,,1,6.5,0.4,0,0,0,3,Rock Head,Lightning Rod,Battle Armor,320,50,50,95,40,50,35,190,70,64,Medium Fast,1,Monster,,0.5,20,1,1,2,0,2,2,1,5,1,1,1,1,5,1,1,1,1,1,カラカラ (Karakara)
104,105,Marowak,Knogga,1,Bone Keeper Pokémon,Ground,,1,4.5,0.1,0,0,0,3,Rock Head,Lightning Rod,Battle Armor,425,60,80,110,50,80,45,75,70,149,Medium Fast,1,Monster,,0.5,20,1,1,2,0,2,2,1,5,1,1,1,1,5,1,1,1,1,1,ガラガラ (Garagara)
105,106,Hitmonlee,Kicklee,1,Kicking Pokémon,Fighting,,1,49.8,1.5,0,0,0,3,Limber,Reckless,Unburden,455,50,120,53,35,110,87,45,70,159,Medium Fast,1,Human-Like,,0.1,25,1,1,1,1,1,1,1,1,1,2,2,5,5,1,1,5,1,2,サワムラー (Sawamular)
106,107,Hitmonchan,Nockchan,1,Punching Pokémon,Fighting,,1,50.2,1.4,0,0,0,3,Keen Eye,Iron Fist,Inner Focus,455,50,105,79,35,110,76,45,70,159,Medium Fast,1,Human-Like,,0.1,25,1,1,1,1,1,1,1,1,1,2,2,5,5,1,1,5,1,2,エビワラー (Ebiwalar)
107,108,Lickitung,Schlurp,1,Licking Pokémon,Normal,,1,65.5,1.2,0,0,0,3,Own Tempo,Oblivious,Cloud Nine,385,90,55,75,60,75,30,45,70,77,Medium Fast,1,Monster,,0.5,20,1,1,1,1,1,1,2,1,1,1,1,1,1,0,1,1,1,1,ベロリンガ (Beroringa)
108,109,Koffing,Smogon,1,Poison Gas Pokémon,Poison,,1,0.1,0.6,0,0,0,3,Levitate,Neutralizing Gas,Stench,340,40,65,95,60,45,35,190,70,68,Medium Fast,1,Amorphous,,0.5,20,1,1,1,1,5,1,5,5,0,1,2,5,1,1,1,1,1,5,ドガース (Dogars)
109,110,Weezing,Smogmog,1,Poison Gas Pokémon,Poison,,1,9.5,1.2,0,0,0,3,Levitate,Neutralizing Gas,Stench,490,65,90,120,85,70,60,600,700,1720,Medium Fast,1,Amorphous,,0.5,20,1,1,1,1,5,1,5,5,0,1,2,5,1,1,1,1,1,5,マタドガス (Matadogas)
110,111,Rhyhorn,Rihorn,1,Spikes Pokémon,Ground,Rock,2,11.5,0.1,0,0,0,3,Lightning Rod,Rock Head,Reckless,345,80,85,95,30,30,25,120,70,69,Slow,2,Field,Monster,0.5,20,5,5,4,0,4,2,2,25,2,5,1,1,5,1,1,1,2,1,サイホーン (Sihorn)
111,112,Rhydon,Rizeros,1,Drill Pokémon,Ground,Rock,2,12.0,1.9,0,0,0,3,Lightning Rod,Rock Head,Reckless,485,105,130,120,45,45,40,60,70,170,Slow,2,Field,Monster,0.5,20,5,5,4,0,4,2,2,25,2,5,1,1,5,1,1,1,2,1,サイドン (Sidon)
112,113,Chansey,Chaneira,1,Egg Pokémon,Normal,,1,34.6,1.1,0,0,0,3,Natural Cure,Serene Grace,Healer,450,250,5,5,35,105,50,30,140,395,Fast,1,Fairy,,0.0,40,1,1,1,1,1,1,2,1,1,1,1,1,1,0,1,1,1,1,ラッキー (Lucky)
113,114,Tangela,Tangela,1,Vine Pokémon,Grass,,1,3.5,0.1,0,0,0,3,Chlorophyll,Leaf Guard,Regenerator,435,65,55,115,100,40,60,45,70,87,Medium Fast,1,Grass,,0.5,20,1,2,5,5,5,2,1,2,5,2,1,2,1,1,1,1,1,1,モンジャラ (Monjara)
114,115,Kangaskhan,Kangama,1,Parent Pokémon,Normal,,1,8.0,2.2,0,0,0,3,Early Bird,Scrappy,Inner Focus,490,105,95,80,40,80,90,45,70,172,Medium Fast,1,Monster,,0.0,20,1,1,1,1,1,1,2,1,1,1,1,1,1,0,1,1,1,1,ガルーラ (Garura)
115,116,Horsea,Seeper,1,Dragon Pokémon,Water,,1,0.8,0.4,0,0,0,3,Swift Swim,Sniper,Damp,295,30,40,70,70,25,60,225,70,59,Medium Fast,2,Dragon,Water 1,0.5,20,1,5,5,2,2,5,1,1,1,1,1,1,1,1,1,1,5,1,タッツー (Tattu)
116,117,Seadra,Seemon,1,Dragon Pokémon,Water,,1,2.5,1.2,0,0,0,3,Poison Point,Sniper,Damp,440,55,65,95,95,45,85,75,70,154,Medium Fast,2,Dragon,Water 1,0.5,20,1,5,5,2,2,5,1,1,1,1,1,1,1,1,1,1,5,1,シードラ (Seadra)
117,118,Goldeen,Goldini,1,Goldfish Pokémon,Water,,1,1.5,0.6,0,0,0,3,Swift Swim,Water Veil,Lightning Rod,320,45,67,60,35,50,63,225,70,64,Medium Fast,1,Water 2,,0.5,20,1,5,5,2,2,5,1,1,1,1,1,1,1,1,1,1,5,1,トサキント (Tosakinto)
118,119,Seaking,Golking,1,Goldfish Pokémon,Water,,1,3.9,1.3,0,0,0,3,Swift Swim,Water Veil,Lightning Rod,450,80,92,65,65,80,68,60,70,158,Medium Fast,1,Water 2,,0.5,20,1,5,5,2,2,5,1,1,1,1,1,1,1,1,1,1,5,1,アズマオウ (Azumao)
119,120,Staryu,Sterndu,1,Star Shape Pokémon,Water,,1,34.5,0.8,0,0,0,3,Illuminate,Natural Cure,Analytic,340,30,45,55,70,55,85,225,70,68,Slow,1,Water 3,,,20,1,5,5,2,2,5,1,1,1,1,1,1,1,1,1,1,5,1,ヒトデマン (Hitodeman)
120,121,Starmie,Starmie,1,Mysterious Pokémon,Water,Psychic,2,8.0,1.1,0,0,0,3,Illuminate,Natural Cure,Analytic,520,60,75,85,100,85,115,60,70,182,Slow,1,Water 3,,,20,1,5,5,2,2,5,5,1,1,1,5,2,1,2,1,2,5,1,スターミー (Starmie)
121,122,Mr. Mime,Pantimos,1,Barrier Pokémon,Psychic,Fairy,2,54.5,1.3,0,0,0,3,Soundproof,Filter,Technician,460,40,45,65,100,120,90,450,700,1610,Medium Fast,1,Human-Like,,0.5,25,1,1,1,1,1,1,25,2,1,1,5,1,1,2,0,1,2,1,バリヤード (Barrierd)
122,123,Scyther,Sichlor,1,Mantis Pokémon,Bug,Flying,2,5.6,1.5,0,0,0,3,Swarm,Technician,Steadfast,500,70,110,80,55,80,105,45,70,100,Medium Fast,1,Bug,,0.5,25,1,2,1,2,25,2,25,1,0,2,1,5,4,1,1,1,1,1,ストライク (Strike)
123,124,Jynx,Rossana,1,Human Shape Pokémon,Ice,Psychic,2,40.6,1.4,0,0,0,3,Oblivious,Forewarn,Dry Skin,455,65,50,35,115,95,95,45,70,159,Medium Fast,1,Human-Like,,0.0,25,1,2,1,1,1,5,1,1,1,1,5,2,2,2,1,2,2,1,ルージュラ (Rougela)
124,125,Electabuzz,Elektek,1,Electric Pokémon,Electric,,1,3.0,1.1,0,0,0,2,Static,,Vital Spirit,490,65,83,57,95,85,105,45,70,172,Medium Fast,1,Human-Like,,7.5,25,1,1,1,5,1,1,1,1,2,5,1,1,1,1,1,1,5,1,エレブー (Eleboo)
125,126,Magmar,Magmar,1,Spitfire Pokémon,Fire,,1,44.5,1.3,0,0,0,2,Flame Body,,Vital Spirit,495,65,95,57,100,85,93,45,70,173,Medium Fast,1,Human-Like,,7.5,25,1,5,2,1,5,5,1,1,2,1,1,5,2,1,1,1,5,5,ブーバー (Boober)
126,127,Pinsir,Pinsir,1,Stag Beetle Pokémon,Bug,,1,5.5,1.5,0,0,0,3,Hyper Cutter,Mold Breaker,Moxie,500,65,125,100,55,70,85,45,70,175,Slow,1,Bug,,0.5,25,1,2,1,1,5,1,5,1,5,2,1,1,2,1,1,1,1,1,カイロス (Kailios)
127,128,Tauros,Tauros,1,Wild Bull Pokémon,Normal,,1,88.4,1.4,0,0,0,3,Intimidate,Anger Point,Sheer Force,490,75,100,95,40,70,110,45,70,172,Slow,1,Field,,0.1,20,1,1,1,1,1,1,2,1,1,1,1,1,1,0,1,1,1,1,ケンタロス (Kentauros)
128,129,Magikarp,Karpador,1,Fish Pokémon,Water,,1,1.0,0.9,0,0,0,2,Swift Swim,,Rattled,200,20,10,55,15,20,80,255,70,40,Slow,2,Dragon,Water 2,0.5,5,1,5,5,2,2,5,1,1,1,1,1,1,1,1,1,1,5,1,コイキング (Koiking)
129,130,Gyarados,Garados,1,Atrocious Pokémon,Water,Flying,2,23.5,6.5,0,0,0,2,Intimidate,,Moxie,540,95,125,79,60,100,81,45,70,189,Slow,2,Dragon,Water 2,0.5,5,1,5,5,4,1,1,5,1,0,1,1,5,2,1,1,1,5,1,ギャラドス (Gyarados)
130,131,Lapras,Lapras,1,Transport Pokémon,Water,Ice,2,22.0,2.5,0,0,0,3,Water Absorb,Shell Armor,Hydration,535,130,85,80,85,95,60,45,70,187,Slow,2,Monster,Water 1,0.5,40,1,1,0,2,2,25,2,1,1,1,1,1,2,1,1,1,1,1,ラプラス (Laplace)
131,132,Ditto,Ditto,1,Transform Pokémon,Normal,,1,0.4,0.3,0,0,0,2,Limber,,Imposter,288,48,48,48,48,48,48,35,70,101,Medium Fast,1,Ditto,,,20,1,1,1,1,1,1,2,1,1,1,1,1,1,0,1,1,1,1,メタモン (Metamon)
132,133,Eevee,Evoli,1,Evolution Pokémon,Normal,,1,6.5,0.3,0,0,0,3,Run Away,Adaptability,Anticipation,325,55,55,50,45,65,55,45,70,65,Medium Fast,1,Field,,87.5,35,1,1,1,1,1,1,2,1,1,1,1,1,1,0,1,1,1,1,イーブイ (Eievui)
133,134,Vaporeon,Aquana,1,Bubble Jet Pokémon,Water,,1,2.9,0.1,0,0,0,2,Water Absorb,,Hydration,525,130,65,60,110,95,65,45,70,184,Medium Fast,1,Field,,87.5,35,1,5,0,2,2,5,1,1,1,1,1,1,1,1,1,1,5,1,シャワーズ (Showers)
134,135,Jolteon,Blitza,1,Lightning Pokémon,Electric,,1,24.5,0.8,0,0,0,2,Volt Absorb,,Quick Feet,525,65,65,60,110,95,130,45,70,184,Medium Fast,1,Field,,87.5,35,1,1,1,0,1,1,1,1,2,5,1,1,1,1,1,1,5,1,サンダース (Thunders)
135,136,Flareon,Flamara,1,Flame Pokémon,Fire,,1,2.5,0.9,0,0,0,2,Flash Fire,,Guts,525,65,130,60,95,110,65,45,70,184,Medium Fast,1,Field,,87.5,35,1,0,2,1,5,5,1,1,2,1,1,5,2,1,1,1,5,5,ブースター (Booster)
136,137,Porygon,Porygon,1,Virtual Pokémon,Normal,,1,36.5,0.8,0,0,0,3,Trace,Download,Analytic,395,65,60,70,85,75,40,45,70,79,Medium Fast,1,Mineral,,,20,1,1,1,1,1,1,2,1,1,1,1,1,1,0,1,1,1,1,ポリゴン (Porygon)
137,138,Omanyte,Amonitas,1,Spiral Pokémon,Rock,Water,2,7.5,0.4,0,0,0,3,Swift Swim,Shell Armor,Weak Armor,355,35,40,100,90,55,35,45,70,71,Medium Fast,2,Water 1,Water 3,87.5,30,5,25,1,2,4,5,2,5,2,5,1,1,1,1,1,1,1,1,オムナイト (Omnite)
138,139,Omastar,Amoroso,1,Spiral Pokémon,Rock,Water,2,3.5,0.1,0,0,0,3,Swift Swim,Shell Armor,Weak Armor,495,70,60,125,115,70,55,45,70,173,Medium Fast,2,Water 1,Water 3,87.5,30,5,25,1,2,4,5,2,5,2,5,1,1,1,1,1,1,1,1,オムスター (Omstar)
139,140,Kabuto,Kabuto,1,Shellfish Pokémon,Rock,Water,2,11.5,0.5,0,0,0,3,Swift Swim,Battle Armor,Weak Armor,355,30,80,90,55,45,55,45,70,71,Medium Fast,2,Water 1,Water 3,87.5,30,5,25,1,2,4,5,2,5,2,5,1,1,1,1,1,1,1,1,カブト (Kabuto)
140,141,Kabutops,Kabutops,1,Shellfish Pokémon,Rock,Water,2,40.5,1.3,0,0,0,3,Swift Swim,Battle Armor,Weak Armor,495,60,115,105,65,70,80,45,70,173,Medium Fast,2,Water 1,Water 3,87.5,30,5,25,1,2,4,5,2,5,2,5,1,1,1,1,1,1,1,1,カブトプス (Kabutops)
141,142,Aerodactyl,Aerodactyl,1,Fossil Pokémon,Rock,Flying,2,5.9,1.8,0,0,0,3,Rock Head,Pressure,Unnerve,515,80,105,65,60,75,130,45,70,180,Slow,1,Flying,,87.5,35,5,5,2,2,1,2,1,5,0,5,1,5,2,1,1,1,2,1,プテラ (Ptera)
142,143,Snorlax,Relaxo,1,Sleeping Pokémon,Normal,,1,46.0,2.1,0,0,0,3,Immunity,Thick Fat,Gluttony,540,160,110,65,65,110,30,25,70,189,Slow,1,Monster,,87.5,40,1,1,1,1,1,1,2,1,1,1,1,1,1,0,1,1,1,1,カビゴン (Kabigon)
143,144,Articuno,Arktos,1,Freeze Pokémon,Ice,Flying,2,55.4,1.7,1,0,0,2,Pressure,,Snow Cloak,580,90,85,100,95,125,85,3,35,261,Slow,1,Undiscovered,,,80,1,2,1,2,5,1,1,1,0,1,1,5,4,1,1,1,2,1,フリーザー (Freezer)
144,145,Zapdos,Zapdos,1,Electric Pokémon,Electric,Flying,2,52.6,1.6,1,0,0,2,Pressure,,Static,580,90,90,85,125,90,100,3,35,261,Slow,1,Undiscovered,,,80,1,1,1,1,5,2,5,1,0,5,1,5,2,1,1,1,5,1,サンダー (Thunder)
145,146,Moltres,Lavados,1,Flame Pokémon,Fire,Flying,2,6.0,0.2,1,0,0,2,Pressure,,Flame Body,580,90,100,90,125,85,90,3,35,261,Slow,1,Undiscovered,,,80,1,5,2,2,25,1,5,1,0,1,1,25,4,1,1,1,5,5,ファイヤー (Fire)
146,147,Dratini,Dratini,1,Dragon Pokémon,Dragon,,1,3.3,1.8,0,0,0,2,Shed Skin,,Marvel Scale,300,41,64,45,50,50,50,45,35,60,Slow,2,Dragon,Water 1,0.5,40,1,5,5,5,5,2,1,1,1,1,1,1,1,1,2,1,1,2,ミニリュウ (Miniryu)
147,148,Dragonair,Dragonir,1,Dragon Pokémon,Dragon,,1,16.5,0.4,0,0,0,2,Shed Skin,,Marvel Scale,420,61,84,65,70,70,70,45,35,147,Slow,2,Dragon,Water 1,0.5,40,1,5,5,5,5,2,1,1,1,1,1,1,1,1,2,1,1,2,ハクリュー (Hakuryu)
148,149,Dragonite,Dragoran,1,Dragon Pokémon,Dragon,Flying,2,21.0,2.2,0,0,0,2,Inner Focus,,Multiscale,600,91,134,95,100,100,80,45,35,270,Slow,2,Dragon,Water 1,0.5,40,1,5,5,1,25,4,5,1,0,1,1,5,2,1,2,1,1,2,カイリュー (Kairyu)
149,150,Mewtwo,Mewtu,1,Genetic Pokémon,Psychic,,1,12.2,0.2,0,1,0,2,Pressure,,Unnerve,680,106,110,90,154,90,130,3,0,306,Slow,1,Undiscovered,,,120,1,1,1,1,1,1,5,1,1,1,5,2,1,2,1,2,1,1,ミュウツー (Mewtwo)
150,151,Mew,Mew,1,New Species Pokémon,Psychic,,1,0.4,0.4,0,0,1,1,Synchronize,,,600,100,100,100,100,100,100,45,100,270,Medium Slow,1,Undiscovered,,,120,1,1,1,1,1,1,5,1,1,1,5,2,1,2,1,2,1,1,ミュウ (Mew)
151,152,Chikorita,Endivie,2,Leaf Pokémon,Grass,,1,6.4,0.9,0,0,0,2,Overgrow,,Leaf Guard,318,45,49,65,49,65,45,45,70,64,Medium Slow,2,Grass,Monster,87.5,20,1,2,5,5,5,2,1,2,5,2,1,2,1,1,1,1,1,1,チコリータ (Chicorita)
152,153,Bayleef,Lorblatt,2,Leaf Pokémon,Grass,,1,15.8,1.2,0,0,0,2,Overgrow,,Leaf Guard,405,60,62,80,63,80,60,45,70,142,Medium Slow,2,Grass,Monster,87.5,20,1,2,5,5,5,2,1,2,5,2,1,2,1,1,1,1,1,1,ベイリーフ (Bayleaf)
153,154,Meganium,Meganie,2,Herb Pokémon,Grass,,1,100.5,1.8,0,0,0,2,Overgrow,,Leaf Guard,525,80,82,100,83,100,80,45,70,236,Medium Slow,2,Grass,Monster,87.5,20,1,2,5,5,5,2,1,2,5,2,1,2,1,1,1,1,1,1,メガニウム (Meganium)
154,155,Cyndaquil,Feurigel,2,Fire Mouse Pokémon,Fire,,1,7.9,0.5,0,0,0,2,Blaze,,Flash Fire,309,39,52,43,60,50,65,45,70,62,Medium Slow,1,Field,,87.5,20,1,5,2,1,5,5,1,1,2,1,1,5,2,1,1,1,5,5,ヒノアラシ (Hinoarashi)
155,156,Quilava,Igelavar,2,Volcano Pokémon,Fire,,1,1.9,0.9,0,0,0,2,Blaze,,Flash Fire,405,58,64,58,80,65,80,45,70,142,Medium Slow,1,Field,,87.5,20,1,5,2,1,5,5,1,1,2,1,1,5,2,1,1,1,5,5,マグマラシ (Magmarashi)
156,157,Typhlosion,Tornupto,2,Volcano Pokémon,Fire,,1,79.5,1.7,0,0,0,2,Blaze,,Flash Fire,534,78,84,78,109,85,100,45,70,240,Medium Slow,1,Field,,87.5,20,1,5,2,1,5,5,1,1,2,1,1,5,2,1,1,1,5,5,バクフーン (Bakphoon)
157,158,Totodile,Karnimani,2,Big Jaw Pokémon,Water,,1,9.5,0.6,0,0,0,2,Torrent,,Sheer Force,314,50,65,64,44,48,43,45,70,63,Medium Slow,2,Monster,Water 1,87.5,20,1,5,5,2,2,5,1,1,1,1,1,1,1,1,1,1,5,1,ワニノコ (Waninoko)
158,159,Croconaw,Tyracroc,2,Big Jaw Pokémon,Water,,1,2.5,1.1,0,0,0,2,Torrent,,Sheer Force,405,65,80,80,59,63,58,45,70,142,Medium Slow,2,Monster,Water 1,87.5,20,1,5,5,2,2,5,1,1,1,1,1,1,1,1,1,1,5,1,アリゲイツ (Alligates)
159,160,Feraligatr,Impergator,2,Big Jaw Pokémon,Water,,1,88.8,2.3,0,0,0,2,Torrent,,Sheer Force,530,85,105,100,79,83,78,45,70,239,Medium Slow,2,Monster,Water 1,87.5,20,1,5,5,2,2,5,1,1,1,1,1,1,1,1,1,1,5,1,オーダイル (Ordile)
160,161,Sentret,Wiesor,2,Scout Pokémon,Normal,,1,0.6,0.8,0,0,0,3,Run Away,Keen Eye,Frisk,215,35,46,34,35,45,20,255,70,43,Medium Fast,1,Field,,0.5,15,1,1,1,1,1,1,2,1,1,1,1,1,1,0,1,1,1,1,オタチ (Otachi)
161,162,Furret,Wiesenior,2,Long Body Pokémon,Normal,,1,32.5,1.8,0,0,0,3,Run Away,Keen Eye,Frisk,415,85,76,64,45,55,90,90,70,145,Medium Fast,1,Field,,0.5,15,1,1,1,1,1,1,2,1,1,1,1,1,1,0,1,1,1,1,オオタチ (Ootachi)
162,163,Hoothoot,Hoothoot,2,Owl Pokémon,Normal,Flying,2,21.2,0.7,0,0,0,3,Insomnia,Keen Eye,Tinted Lens,262,60,30,30,36,56,50,255,70,52,Medium Fast,1,Flying,,0.5,15,1,1,1,2,5,2,1,1,0,1,1,5,2,0,1,1,1,1,ホーホー (Hoho)
163,164,Noctowl,Noctuh,2,Owl Pokémon,Normal,Flying,2,40.8,1.6,0,0,0,3,Insomnia,Keen Eye,Tinted Lens,452,100,50,50,86,96,70,90,70,158,Medium Fast,1,Flying,,0.5,15,1,1,1,2,5,2,1,1,0,1,1,5,2,0,1,1,1,1,ヨルノズク (Yorunozuku)
164,165,Ledyba,Ledyba,2,Five Star Pokémon,Bug,Flying,2,10.8,0.1,0,0,0,3,Swarm,Early Bird,Rattled,265,40,20,30,40,80,55,255,70,53,Fast,1,Bug,,0.5,15,1,2,1,2,25,2,25,1,0,2,1,5,4,1,1,1,1,1,レディバ (Rediba)
165,166,Ledian,Ledian,2,Five Star Pokémon,Bug,Flying,2,35.6,1.4,0,0,0,3,Swarm,Early Bird,Iron Fist,390,55,35,50,55,110,85,90,70,137,Fast,1,Bug,,0.5,15,1,2,1,2,25,2,25,1,0,2,1,5,4,1,1,1,1,1,レディアン (Redian)
166,167,Spinarak,Webarak,2,String Spit Pokémon,Bug,Poison,2,8.5,0.5,0,0,0,3,Swarm,Insomnia,Sniper,250,40,60,40,40,40,30,255,70,50,Fast,1,Bug,,0.5,15,1,2,1,1,25,1,25,5,1,2,2,5,2,1,1,1,1,5,イトマル (Itomaru)
167,168,Ariados,Ariados,2,Long Leg Pokémon,Bug,Poison,2,33.5,1.1,0,0,0,3,Swarm,Insomnia,Sniper,400,70,90,70,60,70,40,90,70,140,Fast,1,Bug,,0.5,15,1,2,1,1,25,1,25,5,1,2,2,5,2,1,1,1,1,5,アリアドス (Ariados)
168,169,Crobat,Iksbat,2,Bat Pokémon,Poison,Flying,2,7.5,1.8,0,0,0,2,Inner Focus,,Infiltrator,535,85,90,80,70,80,130,90,70,241,Medium Fast,1,Flying,,0.5,15,1,1,1,2,25,2,25,5,0,1,2,25,2,1,1,1,1,5,クロバット (Crobat)
169,170,Chinchou,Lampi,2,Angler Pokémon,Water,Electric,2,1.2,0.5,0,0,0,3,Volt Absorb,Illuminate,Water Absorb,330,75,38,38,56,56,67,190,70,66,Slow,1,Water 2,,0.5,20,1,5,5,0,2,5,1,1,2,5,1,1,1,1,1,1,25,1,チョンチー (Chonchie)
170,171,Lanturn,Lanturn,2,Light Pokémon,Water,Electric,2,22.5,1.2,0,0,0,3,Volt Absorb,Illuminate,Water Absorb,460,125,58,58,76,76,67,75,70,161,Slow,1,Water 2,,0.5,20,1,5,5,0,2,5,1,1,2,5,1,1,1,1,1,1,25,1,ランターン (Lantern)
171,172,Pichu,Pichu,2,Tiny Mouse Pokémon,Electric,,1,0.2,0.3,0,0,0,2,Static,,Lightning Rod,205,20,40,15,35,35,60,190,70,41,Medium Fast,1,Undiscovered,,0.5,10,1,1,1,5,1,1,1,1,2,5,1,1,1,1,1,1,5,1,ピチュー (Pichu)
172,173,Cleffa,Pii,2,Star Shape Pokémon,Fairy,,1,0.3,0.3,0,0,0,3,Cute Charm,Magic Guard,Friend Guard,218,50,25,28,45,55,15,150,140,44,Fast,1,Undiscovered,,2.5,10,1,1,1,1,1,1,5,2,1,1,1,5,1,1,0,5,2,1,ピィ (Py)
173,174,Igglybuff,Fluffeluff,2,Balloon Pokémon,Normal,Fairy,2,0.1,0.3,0,0,0,3,Cute Charm,Competitive,Friend Guard,210,90,30,15,40,20,15,170,70,42,Fast,1,Undiscovered,,2.5,10,1,1,1,1,1,1,1,2,1,1,1,5,1,0,0,5,2,1,ププリン (Pupurin)
174,175,Togepi,Togepi,2,Spike Ball Pokémon,Fairy,,1,1.5,0.3,0,0,0,3,Hustle,Serene Grace,Super Luck,245,35,20,65,40,65,20,190,70,49,Fast,1,Undiscovered,,87.5,10,1,1,1,1,1,1,5,2,1,1,1,5,1,1,0,5,2,1,トゲピー (Togepy)
175,176,Togetic,Togetic,2,Happiness Pokémon,Fairy,Flying,2,3.2,0.6,0,0,0,3,Hustle,Serene Grace,Super Luck,405,55,40,85,80,105,40,75,70,142,Fast,2,Fairy,Flying,87.5,10,1,1,1,2,5,2,25,2,0,1,1,25,2,1,0,5,2,1,トゲチック (Togechick)
176,177,Natu,Natu,2,Tiny Bird Pokémon,Psychic,Flying,2,0.2,0.2,0,0,0,3,Synchronize,Early Bird,Magic Bounce,320,40,50,45,70,45,70,190,70,64,Medium Fast,1,Flying,,0.5,20,1,1,1,2,5,2,25,1,0,1,5,1,2,2,1,2,1,1,ネイティ (Naty)
177,178,Xatu,Xatu,2,Mystic Pokémon,Psychic,Flying,2,1.5,1.5,0,0,0,3,Synchronize,Early Bird,Magic Bounce,470,65,75,70,95,70,95,75,70,165,Medium Fast,1,Flying,,0.5,20,1,1,1,2,5,2,25,1,0,1,5,1,2,2,1,2,1,1,ネイティオ (Natio)
178,179,Mareep,Voltilamm,2,Wool Pokémon,Electric,,1,7.8,0.6,0,0,0,2,Static,,Plus,280,55,40,40,65,45,35,235,70,56,Medium Slow,2,Field,Monster,0.5,20,1,1,1,5,1,1,1,1,2,5,1,1,1,1,1,1,5,1,メリープ (Merriep)
179,180,Flaaffy,Waaty,2,Wool Pokémon,Electric,,1,13.3,0.8,0,0,0,2,Static,,Plus,365,70,55,55,80,60,45,120,70,128,Medium Slow,2,Field,Monster,0.5,20,1,1,1,5,1,1,1,1,2,5,1,1,1,1,1,1,5,1,モココ (Mokoko)
180,181,Ampharos,Ampharos,2,Light Pokémon,Electric,,1,61.5,1.4,0,0,0,2,Static,,Plus,510,90,75,85,115,90,55,45,70,230,Medium Slow,2,Field,Monster,0.5,20,1,1,1,5,1,1,1,1,2,5,1,1,1,1,1,1,5,1,デンリュウ (Denryu)
181,182,Bellossom,Blubella,2,Flower Pokémon,Grass,,1,5.8,0.4,0,0,0,2,Chlorophyll,,Healer,490,75,80,95,90,100,50,45,70,221,Medium Slow,1,Grass,,0.5,20,1,2,5,5,5,2,1,2,5,2,1,2,1,1,1,1,1,1,キレイハナ (Kireihana)
182,183,Marill,Marill,2,Aqua Mouse Pokémon,Water,Fairy,2,8.5,0.4,0,0,0,3,Thick Fat,Huge Power,Sap Sipper,250,70,20,50,20,50,40,190,70,88,Fast,2,Fairy,Water 1,0.5,10,1,25,5,2,2,25,5,2,1,1,1,5,1,1,0,5,1,1,マリル (Maril)
183,184,Azumarill,Azumarill,2,Aqua Rabbit Pokémon,Water,Fairy,2,28.5,0.8,0,0,0,3,Thick Fat,Huge Power,Sap Sipper,420,100,50,80,60,80,50,75,70,189,Fast,2,Fairy,Water 1,0.5,10,1,25,5,2,2,25,5,2,1,1,1,5,1,1,0,5,1,1,マリルリ (Marilli)
184,185,Sudowoodo,Mogelbaum,2,Imitation Pokémon,Rock,,1,3.8,1.2,0,0,0,3,Sturdy,Rock Head,Rattled,410,70,100,115,30,65,30,65,70,144,Medium Fast,1,Mineral,,0.5,20,5,5,2,1,2,1,2,5,2,5,1,1,1,1,1,1,2,1,ウソッキー (Usokkie)
185,186,Politoed,Quaxo,2,Frog Pokémon,Water,,1,33.9,1.1,0,0,0,3,Water Absorb,Damp,Drizzle,500,90,75,75,90,100,70,45,70,225,Medium Slow,1,Water 1,,0.5,20,1,5,0,2,2,5,1,1,1,1,1,1,1,1,1,1,5,1,ニョロトノ (Nyorotono)
186,187,Hoppip,Hoppspross,2,Cottonweed Pokémon,Grass,Flying,2,0.5,0.4,0,0,0,3,Chlorophyll,Leaf Guard,Infiltrator,250,35,35,40,35,55,50,255,70,50,Medium Slow,2,Fairy,Grass,0.5,20,1,2,5,1,25,4,5,2,0,2,1,1,2,1,1,1,1,1,ハネッコ (Hanecco)
187,188,Skiploom,Hubelupf,2,Cottonweed Pokémon,Grass,Flying,2,0.1,0.6,0,0,0,3,Chlorophyll,Leaf Guard,Infiltrator,340,55,45,50,45,65,80,120,70,119,Medium Slow,2,Fairy,Grass,0.5,20,1,2,5,1,25,4,5,2,0,2,1,1,2,1,1,1,1,1,ポポッコ (Popocco)
188,189,Jumpluff,Papungha,2,Cottonweed Pokémon,Grass,Flying,2,0.3,0.8,0,0,0,3,Chlorophyll,Leaf Guard,Infiltrator,460,75,55,70,55,95,110,45,70,207,Medium Slow,2,Fairy,Grass,0.5,20,1,2,5,1,25,4,5,2,0,2,1,1,2,1,1,1,1,1,ワタッコ (Watacco)
189,190,Aipom,Griffel,2,Long Tail Pokémon,Normal,,1,11.5,0.8,0,0,0,3,Run Away,Pickup,Skill Link,360,55,70,55,40,55,85,45,70,72,Fast,1,Field,,0.5,20,1,1,1,1,1,1,2,1,1,1,1,1,1,0,1,1,1,1,エイパム (Eipam)
190,191,Sunkern,Sonnkern,2,Seed Pokémon,Grass,,1,1.8,0.3,0,0,0,3,Chlorophyll,Solar Power,Early Bird,180,30,30,30,30,30,30,235,70,36,Medium Slow,1,Grass,,0.5,20,1,2,5,5,5,2,1,2,5,2,1,2,1,1,1,1,1,1,ヒマナッツ (Himanuts)
191,192,Sunflora,Sonnflora,2,Sun Pokémon,Grass,,1,8.5,0.8,0,0,0,3,Chlorophyll,Solar Power,Early Bird,425,75,75,55,105,85,30,120,70,149,Medium Slow,1,Grass,,0.5,20,1,2,5,5,5,2,1,2,5,2,1,2,1,1,1,1,1,1,キマワリ (Kimawari)
192,193,Yanma,Yanma,2,Clear Wing Pokémon,Bug,Flying,2,3.8,1.2,0,0,0,3,Speed Boost,Compound Eyes,Frisk,390,65,65,45,75,45,95,75,70,78,Medium Fast,1,Bug,,0.5,20,1,2,1,2,25,2,25,1,0,2,1,5,4,1,1,1,1,1,ヤンヤンマ (Yanyanma)
193,194,Wooper,Felino,2,Water Fish Pokémon,Water,Ground,2,8.5,0.4,0,0,0,3,Damp,Water Absorb,Unaware,210,55,45,45,25,25,15,255,70,42,Medium Fast,2,Field,Water 1,0.5,20,1,5,1,0,4,1,1,5,1,1,1,1,5,1,1,1,5,1,ウパー (Upah)
194,195,Quagsire,Morlord,2,Water Fish Pokémon,Water,Ground,2,7.5,1.4,0,0,0,3,Damp,Water Absorb,Unaware,430,95,85,85,65,65,35,90,70,151,Medium Fast,2,Field,Water 1,0.5,20,1,5,1,0,4,1,1,5,1,1,1,1,5,1,1,1,5,1,ヌオー (Nuoh)
195,196,Espeon,Psiana,2,Sun Pokémon,Psychic,,1,26.5,0.9,0,0,0,2,Synchronize,,Magic Bounce,525,65,65,60,130,95,110,45,70,184,Medium Fast,1,Field,,87.5,35,1,1,1,1,1,1,5,1,1,1,5,2,1,2,1,2,1,1,エーフィ (Eifie)
196,197,Umbreon,Nachtara,2,Moonlight Pokémon,Dark,,1,2.7,0.1,0,0,0,2,Synchronize,,Inner Focus,525,95,65,110,60,130,65,45,35,184,Medium Fast,1,Field,,87.5,35,1,1,1,1,1,1,2,1,1,1,0,2,1,5,1,5,1,2,ブラッキー (Blacky)
197,198,Murkrow,Kramurx,2,Darkness Pokémon,Dark,,1,2.1,0.5,0,0,0,2,Insomnia,Super Luck,Prankster,405,60,85,42,85,42,91,30,42,42,Medium Slow,1,Flying,,0.5,20,1,1,1,2,5,2,1,1,0,1,0,1,2,5,1,5,1,2,ヤミカラス (Yamikarasu)
198,199,Slowking,Laschoking,2,Royal Pokémon,Water,Psychic,2,79.5,0.2,0,0,0,3,Oblivious,Own Tempo,Regenerator,4900,950,750,800,1000,1100,300,700,700,1720,Medium Fast,2,Monster,Water 1,0.5,200,1,5,5,2,2,5,5,1,1,1,5,2,1,2,1,2,5,1,ヤドキング (Yadoking)
199,200,Misdreavus,Traunfugil,2,Screech Pokémon,Ghost,,1,0.1,0.7,0,0,0,1,Levitate,,,435,60,60,60,85,85,85,45,35,87,Fast,1,Amorphous,,0.5,25,0,1,1,1,1,1,0,5,0,1,1,5,1,2,1,2,1,1,ムウマ (Muma)
200,201,Unown,Icognito,2,Symbol Pokémon,Psychic,,1,0.5,0.5,0,0,0,1,Levitate,,,336,48,72,48,72,48,48,225,70,118,Medium Fast,1,Undiscovered,,,40,1,1,1,1,1,1,5,1,0,1,5,2,1,2,1,2,1,1,アンノーン (Unknown)
201,202,Wobbuffet,Woingenau,2,Patient Pokémon,Psychic,,1,28.5,1.3,0,0,0,2,Shadow Tag,,Telepathy,405,190,33,58,33,58,33,45,70,142,Medium Fast,1,Amorphous,,0.5,20,1,1,1,1,1,1,5,1,1,1,5,2,1,2,1,2,1,1,ソーナンス (Sonans)
202,203,Girafarig,Girafarig,2,Long Neck Pokémon,Normal,Psychic,2,41.5,1.5,0,0,0,3,Inner Focus,Early Bird,Sap Sipper,455,70,80,65,90,65,85,60,70,159,Medium Fast,1,Field,,0.5,20,1,1,1,1,1,1,1,1,1,1,5,2,1,0,1,2,1,1,キリンリキ (Kirinriki)
203,204,Pineco,Tannza,2,Bagworm Pokémon,Bug,,1,7.2,0.6,0,0,0,2,Sturdy,,Overcoat,290,50,65,90,35,35,15,190,70,58,Medium Fast,1,Bug,,0.5,20,1,2,1,1,5,1,5,1,5,2,1,1,2,1,1,1,1,1,クヌギダマ (Kunugidama)
204,205,Forretress,Forstellka,2,Bagworm Pokémon,Bug,Steel,2,125.8,1.2,0,0,0,2,Sturdy,,Overcoat,465,75,90,140,60,60,40,75,70,163,Medium Fast,1,Bug,,0.5,20,5,4,1,1,25,5,1,0,1,1,5,5,1,1,5,1,5,5,フォレトス (Foretos)
205,206,Dunsparce,Dummisel,2,Land Snake Pokémon,Normal,,1,1.4,1.5,0,0,0,3,Serene Grace,Run Away,Rattled,415,100,70,70,65,65,45,190,70,145,Medium Fast,1,Field,,0.5,20,1,1,1,1,1,1,2,1,1,1,1,1,1,0,1,1,1,1,ノコッチ (Nokocchi)
206,207,Gligar,Skorgla,2,FlyScorpion Pokémon,Ground,Flying,2,64.8,1.1,0,0,0,3,Hyper Cutter,Sand Veil,Immunity,430,65,75,105,35,65,85,60,70,86,Medium Slow,1,Bug,,0.5,20,1,1,2,0,1,4,5,5,0,1,1,5,1,1,1,1,1,1,グライガー (Gliger)
207,208,Steelix,Stahlos,2,Iron Snake Pokémon,Steel,Ground,2,40.0,9.2,0,0,0,3,Rock Head,Sturdy,Sheer Force,510,75,85,200,55,65,30,25,70,179,Medium Fast,1,Mineral,,0.5,25,5,2,2,0,1,1,2,0,2,5,5,5,25,1,5,1,5,5,ハガネール (Haganeil)
208,209,Snubbull,Snubbull,2,Fairy Pokémon,Fairy,,1,7.8,0.6,0,0,0,3,Intimidate,Run Away,Rattled,300,60,80,50,40,40,30,190,70,60,Fast,2,Fairy,Field,2.5,20,1,1,1,1,1,1,5,2,1,1,1,5,1,1,0,5,2,1,ブルー (Bulu)
209,210,Granbull,Granbull,2,Fairy Pokémon,Fairy,,1,48.7,1.4,0,0,0,3,Intimidate,Quick Feet,Rattled,450,90,120,75,60,60,45,75,70,158,Fast,2,Fairy,Field,2.5,20,1,1,1,1,1,1,5,2,1,1,1,5,1,1,0,5,2,1,グランブル (Granbulu)
210,211,Qwilfish,Baldorfish,2,Balloon Pokémon,Water,Poison,2,3.9,0.5,0,0,0,3,Poison Point,Swift Swim,Intimidate,440,65,95,85,55,55,85,45,70,88,Medium Fast,1,Water 2,,0.5,20,1,5,5,2,1,5,5,5,2,1,2,5,1,1,1,1,5,5,ハリーセン (Harysen)
211,212,Scizor,Scherox,2,Pincer Pokémon,Bug,Steel,2,11.8,1.8,0,0,0,3,Swarm,Technician,Light Metal,500,70,130,100,55,80,65,25,70,175,Medium Fast,1,Bug,,0.5,25,5,4,1,1,25,5,1,0,1,1,5,5,1,1,5,1,5,5,ハッサム (Hassam)
212,213,Shuckle,Pottrott,2,Mold Pokémon,Bug,Rock,2,20.5,0.6,0,0,0,3,Sturdy,Gluttony,Contrary,505,20,10,230,10,230,5,190,70,177,Medium Slow,1,Bug,,0.5,20,5,1,2,1,1,1,1,5,1,1,1,1,2,1,1,1,2,1,ツボツボ (Tsubotsubo)
213,214,Heracross,Skaraborn,2,Single Horn Pokémon,Bug,Fighting,2,5.4,1.5,0,0,0,3,Swarm,Guts,Moxie,500,80,125,75,40,95,85,45,70,175,Slow,1,Bug,,0.5,25,1,2,1,1,5,1,5,1,5,4,2,5,1,1,1,5,1,2,ヘラクロス (Heracros)
214,215,Sneasel,Sniebel,2,Sharp Claw Pokémon,Dark,Ice,2,2.8,0.9,0,0,0,3,Inner Focus,Keen Eye,Pickpocket,430,55,95,55,35,75,115,60,35,86,Medium Slow,1,Field,,0.5,20,1,2,1,1,1,5,4,1,1,1,0,2,2,5,1,5,2,2,ニューラ (Nyula)
215,216,Teddiursa,Teddiursa,2,Little Bear Pokémon,Normal,,1,8.8,0.6,0,0,0,3,Pickup,Quick Feet,Honey Gather,330,60,80,50,50,50,40,120,70,66,Medium Fast,1,Field,,0.5,20,1,1,1,1,1,1,2,1,1,1,1,1,1,0,1,1,1,1,ヒメグマ (Himeguma)
216,217,Ursaring,Ursaring,2,Hibernator Pokémon,Normal,,1,125.8,1.8,0,0,0,3,Guts,Quick Feet,Unnerve,500,90,130,75,75,75,55,60,70,175,Medium Fast,1,Field,,0.5,20,1,1,1,1,1,1,2,1,1,1,1,1,1,0,1,1,1,1,リングマ (Ringuma)
217,218,Slugma,Schneckmag,2,Lava Pokémon,Fire,,1,3.5,0.7,0,0,0,3,Magma Armor,Flame Body,Weak Armor,250,40,40,40,70,40,20,190,70,50,Medium Fast,1,Amorphous,,0.5,20,1,5,2,1,5,5,1,1,2,1,1,5,2,1,1,1,5,5,マグマッグ (Magmag)
218,219,Magcargo,Magcargo,2,Lava Pokémon,Fire,Rock,2,5.5,0.8,0,0,0,3,Magma Armor,Flame Body,Weak Armor,430,60,50,120,90,80,30,75,70,151,Medium Fast,1,Amorphous,,0.5,20,5,25,4,1,1,5,2,5,4,5,1,5,2,1,1,1,1,5,マグカルゴ (Magcargot)
219,220,Swinub,Quiekel,2,Pig Pokémon,Ice,Ground,2,6.5,0.4,0,0,0,3,Oblivious,Snow Cloak,Thick Fat,250,50,50,40,30,30,50,225,70,50,Slow,1,Field,,0.5,20,1,2,2,0,2,1,2,5,1,1,1,1,1,1,1,1,2,1,ウリムー (Urimoo)
220,221,Piloswine,Keifel,2,Swine Pokémon,Ice,Ground,2,55.8,1.1,0,0,0,3,Oblivious,Snow Cloak,Thick Fat,450,100,100,80,60,60,50,75,70,158,Slow,1,Field,,0.5,20,1,2,2,0,2,1,2,5,1,1,1,1,1,1,1,1,2,1,イノムー (Inomoo)
221,222,Corsola,Corasonn,2,Coral Pokémon,Water,Rock,2,0.5,0.6,0,0,0,3,Hustle,Natural Cure,Regenerator,410,65,55,95,65,95,35,600,700,1440,Fast,2,Water 1,Water 3,2.5,20,5,25,1,2,4,5,2,5,2,5,1,1,1,1,1,1,1,1,サニーゴ (Sunnygo)
222,223,Remoraid,Remoraid,2,Jet Pokémon,Water,,1,1.2,0.6,0,0,0,3,Hustle,Sniper,Moody,300,35,65,35,65,35,65,190,70,60,Medium Fast,2,Water 1,Water 2,0.5,20,1,5,5,2,2,5,1,1,1,1,1,1,1,1,1,1,5,1,テッポウオ (Teppouo)
223,224,Octillery,Octillery,2,Jet Pokémon,Water,,1,28.5,0.9,0,0,0,3,Suction Cups,Sniper,Moody,480,75,105,75,105,75,45,75,70,168,Medium Fast,2,Water 1,Water 2,0.5,20,1,5,5,2,2,5,1,1,1,1,1,1,1,1,1,1,5,1,オクタン (Okutank)
224,225,Delibird,Botogel,2,Delivery Pokémon,Ice,Flying,2,1.6,0.9,0,0,0,3,Vital Spirit,Hustle,Insomnia,330,45,55,45,65,45,75,45,70,116,Fast,2,Field,Water 1,0.5,20,1,2,1,2,5,1,1,1,0,1,1,5,4,1,1,1,2,1,デリバード (Delibird)
225,226,Mantine,Mantax,2,Kite Pokémon,Water,Flying,2,22.0,2.1,0,0,0,3,Swift Swim,Water Absorb,Water Veil,485,85,40,70,80,140,70,25,70,170,Slow,1,Water 1,,0.5,25,1,5,5,4,1,1,5,1,0,1,1,5,2,1,1,1,5,1,マンタイン (Mantain)
226,227,Skarmory,Panzaeron,2,Armor Bird Pokémon,Steel,Flying,2,50.5,1.7,0,0,0,3,Keen Eye,Sturdy,Weak Armor,465,65,80,140,40,70,70,25,70,163,Slow,1,Flying,,0.5,25,5,2,1,2,25,1,1,0,0,5,5,25,1,1,5,1,5,5,エアームド (Airmd)
227,228,Houndour,Hunduster,2,Dark Pokémon,Dark,Fire,2,10.8,0.6,0,0,0,3,Early Bird,Flash Fire,Unnerve,330,45,60,30,80,50,65,120,35,66,Slow,1,Field,,0.5,20,1,5,2,1,5,5,2,1,2,1,0,1,2,5,1,5,5,1,デルビル (Delvil)
228,229,Houndoom,Hundemon,2,Dark Pokémon,Dark,Fire,2,3.5,1.4,0,0,0,3,Early Bird,Flash Fire,Unnerve,500,75,90,50,110,80,95,45,35,175,Slow,1,Field,,0.5,20,1,5,2,1,5,5,2,1,2,1,0,1,2,5,1,5,5,1,ヘルガー (Hellgar)
229,230,Kingdra,Seedraking,2,Dragon Pokémon,Water,Dragon,2,15.2,1.8,0,0,0,3,Swift Swim,Sniper,Damp,540,75,95,95,95,95,85,45,70,243,Medium Fast,2,Dragon,Water 1,0.5,20,1,25,25,1,1,1,1,1,1,1,1,1,1,1,2,1,5,2,キングドラ (Kingdra)
230,231,Phanpy,Phanpy,2,Long Nose Pokémon,Ground,,1,33.5,0.5,0,0,0,2,Pickup,,Sand Veil,330,90,60,60,40,40,40,120,70,66,Medium Fast,1,Field,,0.5,20,1,1,2,0,2,2,1,5,1,1,1,1,5,1,1,1,1,1,ゴマゾウ (Gomazou)
231,232,Donphan,Donphan,2,Armor Pokémon,Ground,,1,12.0,1.1,0,0,0,2,Sturdy,,Sand Veil,500,90,120,120,60,60,50,60,70,175,Medium Fast,1,Field,,0.5,20,1,1,2,0,2,2,1,5,1,1,1,1,5,1,1,1,1,1,ドンファン (Donfan)
232,233,Porygon2,Porygon2,2,Virtual Pokémon,Normal,,1,32.5,0.6,0,0,0,3,Trace,Download,Analytic,515,85,80,90,105,95,60,45,70,180,Medium Fast,1,Mineral,,,20,1,1,1,1,1,1,2,1,1,1,1,1,1,0,1,1,1,1,ポリゴン２ (Porygon2)
233,234,Stantler,Damhirplex,2,Big Horn Pokémon,Normal,,1,71.2,1.4,0,0,0,3,Intimidate,Frisk,Sap Sipper,465,73,95,62,85,65,85,45,70,163,Slow,1,Field,,0.5,20,1,1,1,1,1,1,2,1,1,1,1,1,1,0,1,1,1,1,オドシシ (Odoshishi)
234,235,Smeargle,Farbeagle,2,Painter Pokémon,Normal,,1,5.8,1.2,0,0,0,3,Own Tempo,Technician,Moody,250,55,20,35,20,45,75,45,70,88,Fast,1,Field,,0.5,20,1,1,1,1,1,1,2,1,1,1,1,1,1,0,1,1,1,1,ドーブル (Doble)
235,236,Tyrogue,Rabauz,2,Scuffle Pokémon,Fighting,,1,2.1,0.7,0,0,0,3,Guts,Steadfast,Vital Spirit,210,35,35,35,35,35,35,75,70,42,Medium Fast,1,Undiscovered,,0.1,25,1,1,1,1,1,1,1,1,1,2,2,5,5,1,1,5,1,2,バルキー (Balkie)
236,237,Hitmontop,Kapoera,2,Handstand Pokémon,Fighting,,1,4.8,1.4,0,0,0,3,Intimidate,Technician,Steadfast,455,50,95,95,35,110,70,45,70,159,Medium Fast,1,Human-Like,,0.1,25,1,1,1,1,1,1,1,1,1,2,2,5,5,1,1,5,1,2,カポエラー (Kapoerer)
237,238,Smoochum,Kussilla,2,Kiss Pokémon,Ice,Psychic,2,0.6,0.4,0,0,0,3,Oblivious,Forewarn,Hydration,305,45,30,15,85,65,65,45,70,61,Medium Fast,1,Undiscovered,,0.0,25,1,2,1,1,1,5,1,1,1,1,5,2,2,2,1,2,2,1,ムチュール (Muchul)
238,239,Elekid,Elekid,2,Electric Pokémon,Electric,,1,23.5,0.6,0,0,0,2,Static,,Vital Spirit,360,45,63,37,65,55,95,45,70,72,Medium Fast,1,Undiscovered,,7.5,25,1,1,1,5,1,1,1,1,2,5,1,1,1,1,1,1,5,1,エレキッド (Elekid)
239,240,Magby,Magby,2,Live Coal Pokémon,Fire,,1,21.4,0.7,0,0,0,2,Flame Body,,Vital Spirit,365,45,75,37,70,55,83,45,70,73,Medium Fast,1,Undiscovered,,7.5,25,1,5,2,1,5,5,1,1,2,1,1,5,2,1,1,1,5,5,ブビィ (Buby)
240,241,Miltank,Miltank,2,Milk Cow Pokémon,Normal,,1,75.5,1.2,0,0,0,3,Thick Fat,Scrappy,Sap Sipper,490,95,80,105,40,70,100,45,70,172,Slow,1,Field,,0.0,20,1,5,1,1,1,5,2,1,1,1,1,1,1,0,1,1,1,1,ミルタンク (Miltank)
241,242,Blissey,Heiteira,2,Happiness Pokémon,Normal,,1,46.8,1.5,0,0,0,3,Natural Cure,Serene Grace,Healer,540,255,10,10,75,135,55,30,140,608,Fast,1,Fairy,,0.0,40,1,1,1,1,1,1,2,1,1,1,1,1,1,0,1,1,1,1,ハピナス (Happinas)
242,243,Raikou,Raikou,2,Thunder Pokémon,Electric,,1,17.8,1.9,1,0,0,2,Pressure,,Inner Focus,580,90,85,75,115,100,115,3,35,261,Slow,1,Undiscovered,,,80,1,1,1,5,1,1,1,1,2,5,1,1,1,1,1,1,5,1,ライコウ (Raikou)
243,244,Entei,Entei,2,Volcano Pokémon,Fire,,1,19.8,2.1,1,0,0,2,Pressure,,Inner Focus,580,115,115,85,90,75,100,3,35,261,Slow,1,Undiscovered,,,80,1,5,2,1,5,5,1,1,2,1,1,5,2,1,1,1,5,5,エンテイ (Entei)
244,245,Suicune,Suicune,2,Aurora Pokémon,Water,,1,18.7,0.2,1,0,0,2,Pressure,,Inner Focus,580,100,75,115,90,115,85,3,35,261,Slow,1,Undiscovered,,,80,1,5,5,2,2,5,1,1,1,1,1,1,1,1,1,1,5,1,スイクン (Suicune)
245,246,Larvitar,Larvitar,2,Rock Skin Pokémon,Rock,Ground,2,7.2,0.6,0,0,0,2,Guts,,Sand Veil,300,50,64,50,45,50,41,45,35,60,Slow,1,Monster,,0.5,40,5,5,4,0,4,2,2,25,2,5,1,1,5,1,1,1,2,1,ヨーギラス (Yogiras)
246,247,Pupitar,Pupitar,2,Hard Shell Pokémon,Rock,Ground,2,15.2,1.2,0,0,0,1,Shed Skin,,,410,70,84,70,65,70,51,45,35,144,Slow,1,Monster,,0.5,40,5,5,4,0,4,2,2,25,2,5,1,1,5,1,1,1,2,1,サナギラス (Sanagiras)
247,248,Tyranitar,Despotar,2,Armor Pokémon,Rock,Dark,2,20.2,0.2,0,0,0,2,Sand Stream,,Unnerve,600,100,134,110,95,100,61,45,35,270,Slow,1,Monster,,0.5,40,5,5,2,1,2,1,4,5,2,5,0,2,1,5,1,5,2,2,バンギラス (Bangiras)
248,249,Lugia,Lugia,2,Diving Pokémon,Psychic,Flying,2,21.6,5.2,0,1,0,2,Pressure,,Multiscale,680,106,90,130,90,154,110,3,0,306,Slow,1,Undiscovered,,,120,1,1,1,2,5,2,25,1,0,1,5,1,2,2,1,2,1,1,ルギア (Lugia)
249,250,Ho-oh,Ho-Oh,2,Rainbow Pokémon,Fire,Flying,2,19.9,3.8,0,1,0,2,Pressure,,Regenerator,680,106,130,90,110,154,90,3,0,306,Slow,1,Undiscovered,,,120,1,5,2,2,25,1,5,1,0,1,1,25,4,1,1,1,5,5,ホウオウ (Houou)
250,251,Celebi,Celebi,2,Time Travel Pokémon,Psychic,Grass,2,0.5,0.6,0,0,1,1,Natural Cure,,,600,100,100,100,100,100,100,45,100,270,Medium Slow,1,Undiscovered,,,120,1,2,5,5,5,2,5,2,5,2,5,4,1,2,1,2,1,1,セレビィ (Celebi)
251,252,Treecko,Geckarbor,3,Wood Gecko Pokémon,Grass,,1,0.5,0.5,0,0,0,2,Overgrow,,Unburden,310,40,45,35,65,55,70,45,70,62,Medium Slow,2,Dragon,Monster,87.5,20,1,2,5,5,5,2,1,2,5,2,1,2,1,1,1,1,1,1,キモリ (Kimori)
252,253,Grovyle,Reptain,3,Wood Gecko Pokémon,Grass,,1,21.6,0.9,0,0,0,2,Overgrow,,Unburden,405,50,65,45,85,65,95,45,70,142,Medium Slow,2,Dragon,Monster,87.5,20,1,2,5,5,5,2,1,2,5,2,1,2,1,1,1,1,1,1,ジュプトル (Juptile)
253,254,Sceptile,Gewaldro,3,Forest Pokémon,Grass,,1,52.2,1.7,0,0,0,2,Overgrow,,Unburden,530,70,85,65,105,85,120,45,70,239,Medium Slow,2,Dragon,Monster,87.5,20,1,2,5,5,5,2,1,2,5,2,1,2,1,1,1,1,1,1,ジュカイン (Jukain)
254,255,Torchic,Flemmli,3,Chick Pokémon,Fire,,1,2.5,0.4,0,0,0,2,Blaze,,Speed Boost,310,45,60,40,70,50,45,45,70,62,Medium Slow,1,Field,,87.5,20,1,5,2,1,5,5,1,1,2,1,1,5,2,1,1,1,5,5,アチャモ (Achamo)
255,256,Combusken,Jungglut,3,Young Fowl Pokémon,Fire,Fighting,2,19.5,0.9,0,0,0,2,Blaze,,Speed Boost,405,60,85,60,85,60,55,45,70,142,Medium Slow,1,Field,,87.5,20,1,5,2,1,5,5,1,1,2,2,2,25,1,1,1,5,5,1,ワカシャモ (Wakasyamo)
256,257,Blaziken,Lohgock,3,Blaze Pokémon,Fire,Fighting,2,5.2,1.9,0,0,0,2,Blaze,,Speed Boost,530,80,120,70,110,70,80,45,70,239,Medium Slow,1,Field,,87.5,20,1,5,2,1,5,5,1,1,2,2,2,25,1,1,1,5,5,1,バシャーモ (Bursyamo)
257,258,Mudkip,Hydropi,3,Mud Fish Pokémon,Water,,1,7.6,0.4,0,0,0,2,Torrent,,Damp,310,50,70,50,50,50,40,45,70,62,Medium Slow,2,Monster,Water 1,87.5,20,1,5,5,2,2,5,1,1,1,1,1,1,1,1,1,1,5,1,ミズゴロウ (Mizugorou)
258,259,Marshtomp,Moorabbel,3,Mud Fish Pokémon,Water,Ground,2,2.8,0.7,0,0,0,2,Torrent,,Damp,405,70,85,70,60,70,50,45,70,142,Medium Slow,2,Monster,Water 1,87.5,20,1,5,1,0,4,1,1,5,1,1,1,1,5,1,1,1,5,1,ヌマクロー (Numacraw)
259,260,Swampert,Sumpex,3,Mud Fish Pokémon,Water,Ground,2,81.9,1.5,0,0,0,2,Torrent,,Damp,535,100,110,90,85,90,60,45,70,241,Medium Slow,2,Monster,Water 1,87.5,20,1,5,1,0,4,1,1,5,1,1,1,1,5,1,1,1,5,1,ラグラージ (Laglarge)
260,261,Poochyena,Fiffyen,3,Bite Pokémon,Dark,,1,13.6,0.5,0,0,0,3,Run Away,Quick Feet,Rattled,220,35,55,35,30,30,35,255,70,56,Medium Fast,1,Field,,0.5,15,1,1,1,1,1,1,2,1,1,1,0,2,1,5,1,5,1,2,ポチエナ (Pochiena)
261,262,Mightyena,Magnayen,3,Bite Pokémon,Dark,,1,3.7,0.1,0,0,0,3,Intimidate,Quick Feet,Moxie,420,70,90,70,60,60,70,127,70,147,Medium Fast,1,Field,,0.5,15,1,1,1,1,1,1,2,1,1,1,0,2,1,5,1,5,1,2,グラエナ (Graena)
262,263,Zigzagoon,Zigzachs,3,TinyRaccoon Pokémon,Normal,,1,17.5,0.4,0,0,0,3,Pickup,Gluttony,Quick Feet,240,38,30,41,30,41,60,2550,700,560,Medium Fast,1,Field,,0.5,15,1,1,1,1,1,1,2,1,1,1,1,1,1,0,1,1,1,1,ジグザグマ (Jiguzaguma)
263,264,Linoone,Geradaks,3,Rushing Pokémon,Normal,,1,32.5,0.5,0,0,0,3,Pickup,Gluttony,Quick Feet,420,78,70,61,50,61,100,900,700,1470,Medium Fast,1,Field,,0.5,15,1,1,1,1,1,1,2,1,1,1,1,1,1,0,1,1,1,1,マッスグマ (Massuguma)
264,265,Wurmple,Waumpel,3,Worm Pokémon,Bug,,1,3.6,0.3,0,0,0,2,Shield Dust,,Run Away,195,45,45,35,20,30,20,255,70,56,Medium Fast,1,Bug,,0.5,15,1,2,1,1,5,1,5,1,5,2,1,1,2,1,1,1,1,1,ケムッソ (Kemusso)
265,266,Silcoon,Schaloko,3,Cocoon Pokémon,Bug,,1,1.0,0.6,0,0,0,1,Shed Skin,,,205,50,35,55,25,25,15,120,70,72,Medium Fast,1,Bug,,0.5,15,1,2,1,1,5,1,5,1,5,2,1,1,2,1,1,1,1,1,カラサリス (Karasalis)
266,267,Beautifly,Papinella,3,Butterfly Pokémon,Bug,Flying,2,28.4,0.1,0,0,0,2,Swarm,,Rivalry,395,60,70,50,100,50,65,45,70,178,Medium Fast,1,Bug,,0.5,15,1,2,1,2,25,2,25,1,0,2,1,5,4,1,1,1,1,1,アゲハント (Agehunt)
267,268,Cascoon,Panekon,3,Cocoon Pokémon,Bug,,1,11.5,0.7,0,0,0,1,Shed Skin,,,205,50,35,55,25,25,15,120,70,72,Medium Fast,1,Bug,,0.5,15,1,2,1,1,5,1,5,1,5,2,1,1,2,1,1,1,1,1,マユルド (Mayuld)
268,269,Dustox,Pudox,3,Poison Moth Pokémon,Bug,Poison,2,31.6,1.2,0,0,0,2,Shield Dust,,Compound Eyes,385,60,50,70,50,90,65,45,70,173,Medium Fast,1,Bug,,0.5,15,1,2,1,1,25,1,25,5,1,2,2,5,2,1,1,1,1,5,ドクケイル (Dokucale)
269,270,Lotad,Loturzel,3,Water Weed Pokémon,Water,Grass,2,2.6,0.5,0,0,0,3,Swift Swim,Rain Dish,Own Tempo,220,40,30,30,40,50,30,255,70,44,Medium Slow,2,Grass,Water 1,0.5,15,1,1,25,1,1,1,1,2,5,2,1,2,1,1,1,1,5,1,ハスボー (Hassboh)
270,271,Lombre,Lombrero,3,Jolly Pokémon,Water,Grass,2,32.5,1.2,0,0,0,3,Swift Swim,Rain Dish,Own Tempo,340,60,50,50,60,70,50,120,70,119,Medium Slow,2,Grass,Water 1,0.5,15,1,1,25,1,1,1,1,2,5,2,1,2,1,1,1,1,5,1,ハスブレロ (Hasubrero)
271,272,Ludicolo,Kappalores,3,Carefree Pokémon,Water,Grass,2,5.5,1.5,0,0,0,3,Swift Swim,Rain Dish,Own Tempo,480,80,70,70,90,100,70,45,70,216,Medium Slow,2,Grass,Water 1,0.5,15,1,1,25,1,1,1,1,2,5,2,1,2,1,1,1,1,5,1,ルンパッパ (Runpappa)
272,273,Seedot,Samurzel,3,Acorn Pokémon,Grass,,1,0.4,0.5,0,0,0,3,Chlorophyll,Early Bird,Pickpocket,220,40,40,50,30,30,30,255,70,44,Medium Slow,2,Field,Grass,0.5,15,1,2,5,5,5,2,1,2,5,2,1,2,1,1,1,1,1,1,タネボー (Taneboh)
273,274,Nuzleaf,Blanas,3,Wily Pokémon,Grass,Dark,2,2.8,0.1,0,0,0,3,Chlorophyll,Early Bird,Pickpocket,340,70,70,40,60,40,60,120,70,119,Medium Slow,2,Field,Grass,0.5,15,1,2,5,5,5,2,2,2,5,2,0,4,1,5,1,5,1,2,コノハナ (Konohana)
274,275,Shiftry,Tengulist,3,Wicked Pokémon,Grass,Dark,2,59.6,1.3,0,0,0,3,Chlorophyll,Early Bird,Pickpocket,480,90,100,60,90,60,80,45,70,216,Medium Slow,2,Field,Grass,0.5,15,1,2,5,5,5,2,2,2,5,2,0,4,1,5,1,5,1,2,ダーテング (Dirteng)
275,276,Taillow,Schwalbini,3,TinySwallow Pokémon,Normal,Flying,2,2.3,0.3,0,0,0,2,Guts,,Scrappy,270,40,55,30,30,30,85,200,70,54,Medium Slow,1,Flying,,0.5,15,1,1,1,2,5,2,1,1,0,1,1,5,2,0,1,1,1,1,スバメ (Subame)
276,277,Swellow,Schwalboss,3,Swallow Pokémon,Normal,Flying,2,19.8,0.7,0,0,0,2,Guts,,Scrappy,455,60,85,60,75,50,125,45,70,159,Medium Slow,1,Flying,,0.5,15,1,1,1,2,5,2,1,1,0,1,1,5,2,0,1,1,1,1,オオスバメ (Ohsubame)
277,278,Wingull,Wingull,3,Seagull Pokémon,Water,Flying,2,9.5,0.6,0,0,0,3,Keen Eye,Hydration,Rain Dish,270,40,30,30,55,30,85,190,70,54,Medium Fast,2,Flying,Water 1,0.5,20,1,5,5,4,1,1,5,1,0,1,1,5,2,1,1,1,5,1,キャモメ (Camome)
278,279,Pelipper,Pelipper,3,Water Bird Pokémon,Water,Flying,2,2.8,1.2,0,0,0,3,Keen Eye,Drizzle,Rain Dish,440,60,50,100,95,70,65,45,70,154,Medium Fast,2,Flying,Water 1,0.5,20,1,5,5,4,1,1,5,1,0,1,1,5,2,1,1,1,5,1,ペリッパー (Pelipper)
279,280,Ralts,Trasla,3,Feeling Pokémon,Psychic,Fairy,2,6.6,0.4,0,0,0,3,Synchronize,Trace,Telepathy,198,28,25,25,45,35,40,235,35,40,Slow,2,Amorphous,Human-Like,0.5,20,1,1,1,1,1,1,25,2,1,1,5,1,1,2,0,1,2,1,ラルトス (Ralts)
280,281,Kirlia,Kirlia,3,Emotion Pokémon,Psychic,Fairy,2,20.2,0.8,0,0,0,3,Synchronize,Trace,Telepathy,278,38,35,35,65,55,50,120,35,97,Slow,2,Amorphous,Human-Like,0.5,20,1,1,1,1,1,1,25,2,1,1,5,1,1,2,0,1,2,1,キルリア (Kirlia)
281,282,Gardevoir,Guardevoir,3,Embrace Pokémon,Psychic,Fairy,2,48.4,1.6,0,0,0,3,Synchronize,Trace,Telepathy,518,68,65,65,125,115,80,45,35,233,Slow,2,Amorphous,Human-Like,0.5,20,1,1,1,1,1,1,25,2,1,1,5,1,1,2,0,1,2,1,サーナイト (Sirnight)
282,283,Surskit,Gehweiher,3,Pond Skater Pokémon,Bug,Water,2,1.7,0.5,0,0,0,2,Swift Swim,,Rain Dish,269,40,30,32,50,52,65,200,70,54,Medium Fast,2,Bug,Water 1,0.5,15,1,1,5,2,1,5,5,1,5,2,1,1,2,1,1,1,5,1,アメタマ (Ametama)
283,284,Masquerain,Maskeregen,3,Eyeball Pokémon,Bug,Flying,2,3.6,0.8,0,0,0,2,Intimidate,,Unnerve,454,70,60,62,100,82,80,75,70,159,Medium Fast,2,Bug,Water 1,0.5,15,1,2,1,2,25,2,25,1,0,2,1,5,4,1,1,1,1,1,アメモース (Amemoth)
284,285,Shroomish,Knilz,3,Mushroom Pokémon,Grass,,1,4.5,0.4,0,0,0,3,Effect Spore,Poison Heal,Quick Feet,295,60,40,60,40,60,35,255,70,59,Fluctuating,2,Fairy,Grass,0.5,15,1,2,5,5,5,2,1,2,5,2,1,2,1,1,1,1,1,1,キノココ (Kinococo)
285,286,Breloom,Kapilz,3,Mushroom Pokémon,Grass,Fighting,2,39.2,1.2,0,0,0,3,Effect Spore,Poison Heal,Technician,460,60,130,80,60,60,70,90,70,161,Fluctuating,2,Fairy,Grass,0.5,15,1,2,5,5,5,2,1,2,5,4,2,1,5,1,1,5,1,2,キノガッサ (Kinogassa)
286,287,Slakoth,Bummelz,3,Slacker Pokémon,Normal,,1,2.4,0.8,0,0,0,1,Truant,,,280,60,60,60,35,35,30,255,70,56,Slow,1,Field,,0.5,15,1,1,1,1,1,1,2,1,1,1,1,1,1,0,1,1,1,1,ナマケロ (Namakero)
287,288,Vigoroth,Muntier,3,Wild Monkey Pokémon,Normal,,1,46.5,1.4,0,0,0,1,Vital Spirit,,,440,80,80,80,55,55,90,120,70,154,Slow,1,Field,,0.5,15,1,1,1,1,1,1,2,1,1,1,1,1,1,0,1,1,1,1,ヤルキモノ (Yarukimono)
288,289,Slaking,Letarking,3,Lazy Pokémon,Normal,,1,130.5,0.2,0,0,0,1,Truant,,,670,150,160,100,95,65,100,45,70,252,Slow,1,Field,,0.5,15,1,1,1,1,1,1,2,1,1,1,1,1,1,0,1,1,1,1,ケッキング (Kekking)
289,290,Nincada,Nincada,3,Trainee Pokémon,Bug,Ground,2,5.5,0.5,0,0,0,2,Compound Eyes,,Run Away,266,31,45,90,30,30,40,255,70,53,Erratic,1,Bug,,0.5,15,1,2,2,0,1,2,5,5,5,2,1,1,1,1,1,1,1,1,ツチニン (Tutinin)
290,291,Ninjask,Ninjask,3,Ninja Pokémon,Bug,Flying,2,1.2,0.8,0,0,0,2,Speed Boost,,Infiltrator,456,61,90,45,50,50,160,120,70,160,Erratic,1,Bug,,0.5,15,1,2,1,2,25,2,25,1,0,2,1,5,4,1,1,1,1,1,テッカニン (Tekkanin)
291,292,Shedinja,Ninjatom,3,Shed Pokémon,Bug,Ghost,2,1.2,0.8,0,0,0,1,Wonder Guard,,,236,1,90,45,30,30,40,45,70,83,Erratic,1,Mineral,,,15,0,2,0,0,0,0,0,0,0,2,0,0,2,2,0,2,0,0,ヌケニン (Nukenin)
292,293,Whismur,Flurmel,3,Whisper Pokémon,Normal,,1,16.3,0.6,0,0,0,2,Soundproof,,Rattled,240,64,51,23,51,23,28,190,70,48,Medium Slow,2,Field,Monster,0.5,20,1,1,1,1,1,1,2,1,1,1,1,1,1,0,1,1,1,1,ゴニョニョ (Gonyonyo)
293,294,Loudred,Krakeelo,3,Big Voice Pokémon,Normal,,1,40.5,0.1,0,0,0,2,Soundproof,,Scrappy,360,84,71,43,71,43,48,120,70,126,Medium Slow,2,Field,Monster,0.5,20,1,1,1,1,1,1,2,1,1,1,1,1,1,0,1,1,1,1,ドゴーム (Dogohmb)
294,295,Exploud,Krawumms,3,Loud Noise Pokémon,Normal,,1,8.4,1.5,0,0,0,2,Soundproof,,Scrappy,490,104,91,63,91,73,68,45,70,221,Medium Slow,2,Field,Monster,0.5,20,1,1,1,1,1,1,2,1,1,1,1,1,1,0,1,1,1,1,バクオング (Bakuong)
295,296,Makuhita,Makuhita,3,Guts Pokémon,Fighting,,1,86.4,0.1,0,0,0,3,Thick Fat,Guts,Sheer Force,237,72,60,30,20,30,25,180,70,47,Fluctuating,1,Human-Like,,7.5,20,1,5,1,1,1,5,1,1,1,2,2,5,5,1,1,5,1,2,マクノシタ (Makunoshita)
296,297,Hariyama,Hariyama,3,Arm Thrust Pokémon,Fighting,,1,253.8,2.3,0,0,0,3,Thick Fat,Guts,Sheer Force,474,144,120,60,40,60,50,200,70,166,Fluctuating,1,Human-Like,,7.5,20,1,5,1,1,1,5,1,1,1,2,2,5,5,1,1,5,1,2,ハリテヤマ (Hariteyama)
297,298,Azurill,Azurill,3,Polka Dot Pokémon,Normal,Fairy,2,0.2,0.2,0,0,0,3,Thick Fat,Huge Power,Sap Sipper,190,50,20,40,20,40,20,150,70,38,Fast,1,Undiscovered,,2.5,10,1,5,1,1,1,5,1,2,1,1,1,5,1,0,0,5,2,1,ルリリ (Ruriri)
298,299,Nosepass,Nasgnet,3,Compass Pokémon,Rock,,1,9.7,0.1,0,0,0,3,Sturdy,Magnet Pull,Sand Force,375,30,45,135,45,90,30,255,70,75,Medium Fast,1,Mineral,,0.5,20,5,5,2,1,2,1,2,5,2,5,1,1,1,1,1,1,2,1,ノズパス (Nosepass)
299,300,Skitty,Eneco,3,Kitten Pokémon,Normal,,1,1.1,0.6,0,0,0,3,Cute Charm,Normalize,Wonder Skin,260,50,45,45,35,35,50,255,70,52,Fast,2,Fairy,Field,2.5,15,1,1,1,1,1,1,2,1,1,1,1,1,1,0,1,1,1,1,エネコ (Eneco)
300,301,Delcatty,Enekoro,3,Prim Pokémon,Normal,,1,32.6,1.1,0,0,0,3,Cute Charm,Normalize,Wonder Skin,400,70,65,65,55,55,90,60,70,140,Fast,2,Fairy,Field,2.5,15,1,1,1,1,1,1,2,1,1,1,1,1,1,0,1,1,1,1,エネコロロ (Enekororo)
301,302,Sableye,Zobiris,3,Darkness Pokémon,Dark,Ghost,2,1.1,0.5,0,0,0,3,Keen Eye,Stall,Prankster,380,50,75,75,65,65,50,45,35,133,Medium Slow,1,Human-Like,,0.5,25,0,1,1,1,1,1,0,5,1,1,0,1,1,1,1,1,1,2,ヤミラミ (Yamirami)
302,303,Mawile,Flunkifer,3,Deceiver Pokémon,Steel,Fairy,2,11.5,0.6,0,0,0,3,Hyper Cutter,Intimidate,Sheer Force,380,50,85,85,55,55,50,45,70,133,Fast,2,Fairy,Field,0.5,20,5,2,1,1,5,5,1,0,2,5,5,25,5,1,0,5,1,5,クチート (Kucheat)
303,304,Aron,Stollunior,3,Iron Armor Pokémon,Steel,Rock,2,6.0,0.4,0,0,0,3,Sturdy,Rock Head,Heavy Metal,330,50,70,100,40,40,30,180,35,66,Slow,1,Monster,,0.5,35,25,1,2,1,1,5,4,0,4,25,5,5,5,1,5,1,1,5,ココドラ (Cokodora)
304,305,Lairon,Stollrak,3,Iron Armor Pokémon,Steel,Rock,2,12.0,0.9,0,0,0,3,Sturdy,Rock Head,Heavy Metal,430,60,90,140,50,50,40,90,35,151,Slow,1,Monster,,0.5,35,25,1,2,1,1,5,4,0,4,25,5,5,5,1,5,1,1,5,コドラ (Kodora)
305,306,Aggron,Stolloss,3,Iron Armor Pokémon,Steel,Rock,2,36.0,2.1,0,0,0,3,Sturdy,Rock Head,Heavy Metal,530,70,110,180,60,60,50,45,35,239,Slow,1,Monster,,0.5,35,25,1,2,1,1,5,4,0,4,25,5,5,5,1,5,1,1,5,ボスゴドラ (Bossgodora)
306,307,Meditite,Meditie,3,Meditate Pokémon,Fighting,Psychic,2,11.2,0.6,0,0,0,2,Pure Power,,Telepathy,280,30,40,55,40,55,60,180,70,56,Medium Fast,1,Human-Like,,0.5,20,1,1,1,1,1,1,5,1,1,2,1,1,5,2,1,1,1,2,アサナン (Asanan)
307,308,Medicham,Meditalis,3,Meditate Pokémon,Fighting,Psychic,2,31.5,1.3,0,0,0,2,Pure Power,,Telepathy,410,60,60,75,60,75,80,90,70,144,Medium Fast,1,Human-Like,,0.5,20,1,1,1,1,1,1,5,1,1,2,1,1,5,2,1,1,1,2,チャーレム (Charem)
308,309,Electrike,Frizelbliz,3,Lightning Pokémon,Electric,,1,15.2,0.6,0,0,0,3,Static,Lightning Rod,Minus,295,40,45,40,65,40,65,120,70,59,Slow,1,Field,,0.5,20,1,1,1,5,1,1,1,1,2,5,1,1,1,1,1,1,5,1,ラクライ (Rakurai)
309,310,Manectric,Voltenso,3,Discharge Pokémon,Electric,,1,40.2,1.5,0,0,0,3,Static,Lightning Rod,Minus,475,70,75,60,105,60,105,45,70,166,Slow,1,Field,,0.5,20,1,1,1,5,1,1,1,1,2,5,1,1,1,1,1,1,5,1,ライボルト (Livolt)
310,311,Plusle,Plusle,3,Cheering Pokémon,Electric,,1,4.2,0.4,0,0,0,2,Plus,,Lightning Rod,405,60,50,40,85,75,95,200,70,142,Medium Fast,1,Fairy,,0.5,20,1,1,1,5,1,1,1,1,2,5,1,1,1,1,1,1,5,1,プラスル (Prasle)
311,312,Minun,Minun,3,Cheering Pokémon,Electric,,1,4.2,0.4,0,0,0,2,Minus,,Volt Absorb,405,60,40,50,75,85,95,200,70,142,Medium Fast,1,Fairy,,0.5,20,1,1,1,5,1,1,1,1,2,5,1,1,1,1,1,1,5,1,マイナン (Minun)
312,313,Volbeat,Volbeat,3,Firefly Pokémon,Bug,,1,17.7,0.7,0,0,0,3,Illuminate,Swarm,Prankster,430,65,73,75,47,85,85,150,70,151,Erratic,2,Bug,Human-Like,0.1,15,1,2,1,1,5,1,5,1,5,2,1,1,2,1,1,1,1,1,バルビート (Barubeat)
313,314,Illumise,Illumise,3,Firefly Pokémon,Bug,,1,17.7,0.6,0,0,0,3,Oblivious,Tinted Lens,Prankster,430,65,47,75,73,85,85,150,70,151,Fluctuating,2,Bug,Human-Like,0.0,15,1,2,1,1,5,1,5,1,5,2,1,1,2,1,1,1,1,1,イルミーゼ (Illumise)
314,315,Roselia,Roselia,3,Thorn Pokémon,Grass,Poison,2,0.2,0.3,0,0,0,3,Natural Cure,Poison Point,Leaf Guard,400,50,60,45,100,80,65,150,70,140,Medium Slow,2,Fairy,Grass,0.5,20,1,2,5,5,25,2,5,1,1,2,2,1,1,1,1,1,1,5,ロゼリア (Roselia)
315,316,Gulpin,Schluppuck,3,Stomach Pokémon,Poison,,1,10.3,0.4,0,0,0,3,Liquid Ooze,Sticky Hold,Gluttony,302,70,43,53,43,53,40,225,70,60,Fluctuating,1,Amorphous,,0.5,20,1,1,1,1,5,1,5,5,2,1,2,5,1,1,1,1,1,5,ゴクリン (Gokulin)
316,317,Swalot,Schlukwech,3,Poison Bag Pokémon,Poison,,1,8.0,1.7,0,0,0,3,Liquid Ooze,Sticky Hold,Gluttony,467,100,73,83,73,83,55,75,70,163,Fluctuating,1,Amorphous,,0.5,20,1,1,1,1,5,1,5,5,2,1,2,5,1,1,1,1,1,5,マルノーム (Marunoom)
317,318,Carvanha,Kanivanha,3,Savage Pokémon,Water,Dark,2,20.8,0.8,0,0,0,2,Rough Skin,,Speed Boost,305,45,90,20,65,20,65,225,35,61,Slow,1,Water 2,,0.5,20,1,5,5,2,2,5,2,1,1,1,0,2,1,5,1,5,5,2,キバニア (Kibanha)
318,319,Sharpedo,Tohaido,3,Brutal Pokémon,Water,Dark,2,88.8,1.8,0,0,0,2,Rough Skin,,Speed Boost,460,70,120,40,95,40,95,60,35,161,Slow,1,Water 2,,0.5,20,1,5,5,2,2,5,2,1,1,1,0,2,1,5,1,5,5,2,サメハダー (Samehader)
319,320,Wailmer,Wailmer,3,Ball Whale Pokémon,Water,,1,13.0,0.2,0,0,0,3,Water Veil,Oblivious,Pressure,400,130,70,35,70,35,60,125,70,80,Fluctuating,2,Field,Water 2,0.5,40,1,5,5,2,2,5,1,1,1,1,1,1,1,1,1,1,5,1,ホエルコ (Hoeruko)
320,321,Wailord,Wailord,3,Float Whale Pokémon,Water,,1,39.8,14.5,0,0,0,3,Water Veil,Oblivious,Pressure,500,170,90,45,90,45,60,60,70,175,Fluctuating,2,Field,Water 2,0.5,40,1,5,5,2,2,5,1,1,1,1,1,1,1,1,1,1,5,1,ホエルオー (Whaloh)
321,322,Numel,Camaub,3,Numb Pokémon,Fire,Ground,2,2.4,0.7,0,0,0,3,Oblivious,Simple,Own Tempo,305,60,60,40,65,45,35,255,70,61,Medium Fast,1,Field,,0.5,20,1,5,4,0,1,1,1,5,2,1,1,5,1,1,1,1,5,5,ドンメル (Donmel)
322,323,Camerupt,Camerupt,3,Eruption Pokémon,Fire,Ground,2,22.0,1.9,0,0,0,3,Magma Armor,Solid Rock,Anger Point,460,70,100,70,105,75,40,150,70,161,Medium Fast,1,Field,,0.5,20,1,5,4,0,1,1,1,5,2,1,1,5,1,1,1,1,5,5,バクーダ (Bakuuda)
323,324,Torkoal,Qurtel,3,Coal Pokémon,Fire,,1,80.4,0.5,0,0,0,3,White Smoke,Drought,Shell Armor,470,70,85,140,85,70,20,90,70,165,Medium Fast,1,Field,,0.5,20,1,5,2,1,5,5,1,1,2,1,1,5,2,1,1,1,5,5,コータス (Cotoise)
324,325,Spoink,Spoink,3,Bounce Pokémon,Psychic,,1,30.6,0.7,0,0,0,3,Thick Fat,Own Tempo,Gluttony,330,60,25,35,70,80,60,255,70,66,Fast,1,Field,,0.5,20,1,5,1,1,1,5,5,1,1,1,5,2,1,2,1,2,1,1,バネブー (Baneboo)
325,326,Grumpig,Groink,3,Manipulate Pokémon,Psychic,,1,71.5,0.9,0,0,0,3,Thick Fat,Own Tempo,Gluttony,470,80,45,65,90,110,80,60,70,165,Fast,1,Field,,0.5,20,1,5,1,1,1,5,5,1,1,1,5,2,1,2,1,2,1,1,ブーピッグ (Boopig)
326,327,Spinda,Pandir,3,Spot Panda Pokémon,Normal,,1,0.5,1.1,0,0,0,3,Own Tempo,Tangled Feet,Contrary,360,60,60,60,60,60,60,255,70,126,Fast,2,Field,Human-Like,0.5,15,1,1,1,1,1,1,2,1,1,1,1,1,1,0,1,1,1,1,パッチール (Patcheel)
327,328,Trapinch,Knacklion,3,Ant Pit Pokémon,Ground,,1,1.5,0.7,0,0,0,3,Hyper Cutter,Arena Trap,Sheer Force,290,45,100,45,45,45,10,255,70,58,Medium Slow,2,Bug,Dragon,0.5,20,1,1,2,0,2,2,1,5,1,1,1,1,5,1,1,1,1,1,ナックラー (Nuckrar)
328,329,Vibrava,Vibrava,3,Vibration Pokémon,Ground,Dragon,2,15.3,1.1,0,0,0,1,Levitate,,,340,50,70,50,50,50,70,120,70,119,Medium Slow,2,Bug,Dragon,0.5,20,1,5,1,0,1,4,1,5,0,1,1,1,5,1,2,1,1,2,ビブラーバ (Vibrava)
329,330,Flygon,Libelldra,3,Mystic Pokémon,Ground,Dragon,2,8.2,0.2,0,0,0,1,Levitate,,,520,80,100,80,80,80,100,45,70,234,Medium Slow,2,Bug,Dragon,0.5,20,1,5,1,0,1,4,1,5,0,1,1,1,5,1,2,1,1,2,フライゴン (Flygon)
330,331,Cacnea,Tuska,3,Cactus Pokémon,Grass,,1,51.3,0.4,0,0,0,2,Sand Veil,,Water Absorb,335,50,85,40,85,40,35,190,35,67,Medium Slow,2,Grass,Human-Like,0.5,20,1,2,5,5,5,2,1,2,5,2,1,2,1,1,1,1,1,1,サボネア (Sabonea)
331,332,Cacturne,Noktuska,3,Scarecrow Pokémon,Grass,Dark,2,77.4,1.3,0,0,0,2,Sand Veil,,Water Absorb,475,70,115,60,115,60,55,60,35,166,Medium Slow,2,Grass,Human-Like,0.5,20,1,2,5,5,5,2,2,2,5,2,0,4,1,5,1,5,1,2,ノクタス (Noctus)
332,333,Swablu,Wablu,3,Cotton Bird Pokémon,Normal,Flying,2,1.2,0.4,0,0,0,2,Natural Cure,,Cloud Nine,310,45,40,60,40,75,50,255,70,62,Erratic,2,Dragon,Flying,0.5,20,1,1,1,2,5,2,1,1,0,1,1,5,2,0,1,1,1,1,チルット (Tyltto)
333,334,Altaria,Altaria,3,Humming Pokémon,Dragon,Flying,2,20.6,1.1,0,0,0,2,Natural Cure,,Cloud Nine,490,75,70,90,70,105,80,45,70,172,Erratic,2,Dragon,Flying,0.5,20,1,5,5,1,25,4,5,1,0,1,1,5,2,1,2,1,1,2,チルタリス (Tyltalis)
334,335,Zangoose,Sengo,3,Cat Ferret Pokémon,Normal,,1,40.3,1.3,0,0,0,2,Immunity,,Toxic Boost,458,73,115,60,60,60,90,90,70,160,Erratic,1,Field,,0.5,20,1,1,1,1,1,1,2,1,1,1,1,1,1,0,1,1,1,1,ザングース (Zangoose)
335,336,Seviper,Vipitis,3,Fang Snake Pokémon,Poison,,1,52.5,2.7,0,0,0,2,Shed Skin,,Infiltrator,458,73,100,60,100,60,65,90,70,160,Fluctuating,2,Dragon,Field,0.5,20,1,1,1,1,5,1,5,5,2,1,2,5,1,1,1,1,1,5,ハブネーク (Habunake)
336,337,Lunatone,Lunastein,3,Meteorite Pokémon,Rock,Psychic,2,16.8,0.1,0,0,0,1,Levitate,,,460,90,55,65,95,85,70,45,70,161,Fast,1,Mineral,,,25,5,5,2,1,2,1,1,5,0,5,5,2,1,2,1,2,2,1,ルナトーン (Lunatone)
337,338,Solrock,Sonnfel,3,Meteorite Pokémon,Rock,Psychic,2,15.4,1.2,0,0,0,1,Levitate,,,460,90,95,85,55,65,70,45,70,161,Fast,1,Mineral,,,25,5,5,2,1,2,1,1,5,0,5,5,2,1,2,1,2,2,1,ソルロック (Solrock)
338,339,Barboach,Schmerbe,3,Whiskers Pokémon,Water,Ground,2,1.9,0.4,0,0,0,3,Oblivious,Anticipation,Hydration,288,50,48,43,46,41,60,190,70,58,Medium Fast,1,Water 2,,0.5,20,1,5,1,0,4,1,1,5,1,1,1,1,5,1,1,1,5,1,ドジョッチ (Dojoach)
339,340,Whiscash,Welsar,3,Whiskers Pokémon,Water,Ground,2,23.6,0.9,0,0,0,3,Oblivious,Anticipation,Hydration,468,110,78,73,76,71,60,75,70,164,Medium Fast,1,Water 2,,0.5,20,1,5,1,0,4,1,1,5,1,1,1,1,5,1,1,1,5,1,ナマズン (Namazun)
340,341,Corphish,Krebscorps,3,Ruffian Pokémon,Water,,1,11.5,0.6,0,0,0,3,Hyper Cutter,Shell Armor,Adaptability,308,43,80,65,50,35,35,205,70,62,Fluctuating,2,Water 1,Water 3,0.5,15,1,5,5,2,2,5,1,1,1,1,1,1,1,1,1,1,5,1,ヘイガニ (Heigani)
341,342,Crawdaunt,Krebutack,3,Rogue Pokémon,Water,Dark,2,32.8,1.1,0,0,0,3,Hyper Cutter,Shell Armor,Adaptability,468,63,120,85,90,55,55,155,70,164,Fluctuating,2,Water 1,Water 3,0.5,15,1,5,5,2,2,5,2,1,1,1,0,2,1,5,1,5,5,2,シザリガー (Shizariger)
342,343,Baltoy,Puppance,3,Clay Doll Pokémon,Ground,Psychic,2,21.5,0.5,0,0,0,1,Levitate,,,300,40,40,55,40,70,55,255,70,60,Medium Fast,1,Mineral,,,20,1,1,2,0,2,2,5,5,0,1,5,2,5,2,1,2,1,1,ヤジロン (Yajilon)
343,344,Claydol,Lepumentas,3,Clay Doll Pokémon,Ground,Psychic,2,10.8,1.5,0,0,0,1,Levitate,,,500,60,70,105,70,120,75,90,70,175,Medium Fast,1,Mineral,,,20,1,1,2,0,2,2,5,5,0,1,5,2,5,2,1,2,1,1,ネンドール (Nendoll)
344,345,Lileep,Liliep,3,Sea Lily Pokémon,Rock,Grass,2,23.8,0.1,0,0,0,2,Suction Cups,,Storm Drain,355,66,41,77,61,87,23,45,70,71,Erratic,1,Water 3,,87.5,30,5,1,1,5,1,2,2,1,1,1,1,2,1,1,1,1,2,1,リリーラ (Lilyla)
345,346,Cradily,Wielie,3,Barnacle Pokémon,Rock,Grass,2,60.4,1.5,0,0,0,2,Suction Cups,,Storm Drain,495,86,81,97,81,107,43,45,70,173,Erratic,1,Water 3,,87.5,30,5,1,1,5,1,2,2,1,1,1,1,2,1,1,1,1,2,1,ユレイドル (Yuradle)
346,347,Anorith,Anorith,3,Old Shrimp Pokémon,Rock,Bug,2,12.5,0.7,0,0,0,2,Battle Armor,,Swift Swim,355,45,95,50,40,50,75,45,70,71,Erratic,1,Water 3,,87.5,30,5,1,2,1,1,1,1,5,1,1,1,1,2,1,1,1,2,1,アノプス (Anopth)
347,348,Armaldo,Armaldo,3,Plate Pokémon,Rock,Bug,2,68.2,1.5,0,0,0,2,Battle Armor,,Swift Swim,495,75,125,100,70,80,45,45,70,173,Erratic,1,Water 3,,87.5,30,5,1,2,1,1,1,1,5,1,1,1,1,2,1,1,1,2,1,アーマルド (Armaldo)
348,349,Feebas,Barschwa,3,Fish Pokémon,Water,,1,7.4,0.6,0,0,0,3,Swift Swim,Oblivious,Adaptability,200,20,15,20,10,55,80,255,70,40,Erratic,2,Dragon,Water 1,0.5,20,1,5,5,2,2,5,1,1,1,1,1,1,1,1,1,1,5,1,ヒンバス (Hinbass)
349,350,Milotic,Milotic,3,Tender Pokémon,Water,,1,16.2,6.2,0,0,0,3,Marvel Scale,Competitive,Cute Charm,540,95,60,79,100,125,81,60,70,189,Erratic,2,Dragon,Water 1,0.5,20,1,5,5,2,2,5,1,1,1,1,1,1,1,1,1,1,5,1,ミロカロス (Milokaross)
350,351,Castform,Formeo,3,Weather Pokémon,Normal,,1,0.8,0.3,0,0,0,1,Forecast,,,420,70,70,70,70,70,70,45,70,147,Medium Fast,2,Amorphous,Fairy,0.5,25,1,1,1,1,1,1,2,1,1,1,1,1,1,0,1,1,1,1,ポワルン (Powalen)
351,352,Kecleon,Kecleon,3,Color Swap Pokémon,Normal,,1,2.2,0.1,0,0,0,2,Color Change,,Protean,440,60,90,70,60,120,40,200,70,154,Medium Slow,1,Field,,0.5,20,1,1,1,1,1,1,2,1,1,1,1,1,1,0,1,1,1,1,カクレオン (Kakureon)
352,353,Shuppet,Shuppet,3,Puppet Pokémon,Ghost,,1,2.3,0.6,0,0,0,3,Insomnia,Frisk,Cursed Body,295,44,75,35,63,33,45,225,35,59,Fast,1,Amorphous,,0.5,25,0,1,1,1,1,1,0,5,1,1,1,5,1,2,1,2,1,1,カゲボウズ (Kagebouzu)
353,354,Banette,Banette,3,Marionette Pokémon,Ghost,,1,12.5,1.1,0,0,0,3,Insomnia,Frisk,Cursed Body,455,64,115,65,83,63,65,45,35,159,Fast,1,Amorphous,,0.5,25,0,1,1,1,1,1,0,5,1,1,1,5,1,2,1,2,1,1,ジュペッタ (Juppeta)
354,355,Duskull,Zwirrlicht,3,Requiem Pokémon,Ghost,,1,1.5,0.8,0,0,0,2,Levitate,,Frisk,295,20,40,90,30,90,25,190,35,59,Fast,1,Amorphous,,0.5,25,0,1,1,1,1,1,0,5,0,1,1,5,1,2,1,2,1,1,ヨマワル (Yomawaru)
355,356,Dusclops,Zwirrklop,3,Beckon Pokémon,Ghost,,1,30.6,1.6,0,0,0,2,Pressure,,Frisk,455,40,70,130,60,130,25,90,35,159,Fast,1,Amorphous,,0.5,25,0,1,1,1,1,1,0,5,1,1,1,5,1,2,1,2,1,1,サマヨール (Samayouru)
356,357,Tropius,Tropius,3,Fruit Pokémon,Grass,Flying,2,10.0,0.2,0,0,0,3,Chlorophyll,Solar Power,Harvest,460,99,68,83,72,87,51,200,70,161,Slow,2,Grass,Monster,0.5,25,1,2,5,1,25,4,5,2,0,2,1,1,2,1,1,1,1,1,トロピウス (Tropius)
357,358,Chimecho,Palimpalim,3,Wind Chime Pokémon,Psychic,,1,0.1,0.6,0,0,0,1,Levitate,,,455,75,50,80,95,90,65,45,70,159,Fast,1,Amorphous,,0.5,25,1,1,1,1,1,1,5,1,0,1,5,2,1,2,1,2,1,1,チリーン (Chirean)
358,359,Absol,Absol,3,Disaster Pokémon,Dark,,1,4.7,1.2,0,0,0,3,Pressure,Super Luck,Justified,465,65,130,60,75,60,75,30,35,163,Medium Slow,1,Field,,0.5,25,1,1,1,1,1,1,2,1,1,1,0,2,1,5,1,5,1,2,アブソル (Absol)
359,360,Wynaut,Isso,3,Bright Pokémon,Psychic,,1,1.4,0.6,0,0,0,2,Shadow Tag,,Telepathy,260,95,23,48,23,48,23,125,70,52,Medium Fast,1,Undiscovered,,0.5,20,1,1,1,1,1,1,5,1,1,1,5,2,1,2,1,2,1,1,ソーナノ (Sohnano)
360,361,Snorunt,Schneppke,3,Snow Hat Pokémon,Ice,,1,16.8,0.7,0,0,0,3,Inner Focus,Ice Body,Moody,300,50,50,50,50,50,50,190,70,60,Medium Fast,2,Fairy,Mineral,0.5,20,1,2,1,1,1,5,2,1,1,1,1,1,2,1,1,1,2,1,ユキワラシ (Yukiwarashi)
361,362,Glalie,Firnontor,3,Face Pokémon,Ice,,1,256.5,1.5,0,0,0,3,Inner Focus,Ice Body,Moody,480,80,80,80,80,80,80,75,70,168,Medium Fast,2,Fairy,Mineral,0.5,20,1,2,1,1,1,5,2,1,1,1,1,1,2,1,1,1,2,1,オニゴーリ (Onigohri)
362,363,Spheal,Seemops,3,Clap Pokémon,Ice,Water,2,39.5,0.8,0,0,0,3,Thick Fat,Ice Body,Oblivious,290,70,40,50,55,50,25,255,70,58,Medium Slow,2,Field,Water 1,0.5,20,1,5,5,2,2,125,2,1,1,1,1,1,2,1,1,1,1,1,タマザラシ (Tamazarashi)
363,364,Sealeo,Seejong,3,Ball Roll Pokémon,Ice,Water,2,87.6,1.1,0,0,0,3,Thick Fat,Ice Body,Oblivious,410,90,60,70,75,70,45,120,70,144,Medium Slow,2,Field,Water 1,0.5,20,1,5,5,2,2,125,2,1,1,1,1,1,2,1,1,1,1,1,トドグラー (Todoggler)
364,365,Walrein,Walraisa,3,Ice Break Pokémon,Ice,Water,2,150.6,1.4,0,0,0,3,Thick Fat,Ice Body,Oblivious,530,110,80,90,95,90,65,45,70,239,Medium Slow,2,Field,Water 1,0.5,20,1,5,5,2,2,125,2,1,1,1,1,1,2,1,1,1,1,1,トドゼルガ (Todoseruga)
365,366,Clamperl,Perlu,3,Bivalve Pokémon,Water,,1,52.5,0.4,0,0,0,2,Shell Armor,,Rattled,345,35,64,85,74,55,32,255,70,69,Erratic,1,Water 1,,0.5,20,1,5,5,2,2,5,1,1,1,1,1,1,1,1,1,1,5,1,パールル (Pearlulu)
366,367,Huntail,Aalabyss,3,Deep Sea Pokémon,Water,,1,2.7,1.7,0,0,0,2,Swift Swim,,Water Veil,485,55,104,105,94,75,52,60,70,170,Erratic,1,Water 1,,0.5,20,1,5,5,2,2,5,1,1,1,1,1,1,1,1,1,1,5,1,ハンテール (Huntail)
367,368,Gorebyss,Saganabyss,3,South Sea Pokémon,Water,,1,22.6,1.8,0,0,0,2,Swift Swim,,Hydration,485,55,84,105,114,75,52,60,70,170,Erratic,1,Water 1,,0.5,20,1,5,5,2,2,5,1,1,1,1,1,1,1,1,1,1,5,1,サクラビス (Sakurabyss)
368,369,Relicanth,Relicanth,3,Longevity Pokémon,Water,Rock,2,23.4,0.1,0,0,0,3,Swift Swim,Rock Head,Sturdy,485,100,90,130,45,65,55,25,70,170,Slow,2,Water 1,Water 2,87.5,40,5,25,1,2,4,5,2,5,2,5,1,1,1,1,1,1,1,1,ジーランス (Glanth)
369,370,Luvdisc,Liebiskus,3,Rendezvous Pokémon,Water,,1,8.7,0.6,0,0,0,2,Swift Swim,,Hydration,330,43,30,55,40,65,97,225,70,116,Fast,1,Water 2,,2.5,20,1,5,5,2,2,5,1,1,1,1,1,1,1,1,1,1,5,1,ラブカス (Lovecus)
370,371,Bagon,Kindwurm,3,Rock Head Pokémon,Dragon,,1,42.1,0.6,0,0,0,2,Rock Head,,Sheer Force,300,45,75,60,40,30,50,45,35,60,Slow,1,Dragon,,0.5,40,1,5,5,5,5,2,1,1,1,1,1,1,1,1,2,1,1,2,タツベイ (Tatsubay)
371,372,Shelgon,Draschel,3,Endurance Pokémon,Dragon,,1,110.5,1.1,0,0,0,2,Rock Head,,Overcoat,420,65,95,100,60,50,50,45,35,147,Slow,1,Dragon,,0.5,40,1,5,5,5,5,2,1,1,1,1,1,1,1,1,2,1,1,2,コモルー (Komoruu)
372,373,Salamence,Brutalanda,3,Dragon Pokémon,Dragon,Flying,2,102.6,1.5,0,0,0,2,Intimidate,,Moxie,600,95,135,80,110,80,100,45,35,270,Slow,1,Dragon,,0.5,40,1,5,5,1,25,4,5,1,0,1,1,5,2,1,2,1,1,2,ボーマンダ (Bohmander)
373,374,Beldum,Tanhel,3,Iron Ball Pokémon,Steel,Psychic,2,95.2,0.6,0,0,0,2,Clear Body,,Light Metal,300,40,55,80,35,60,30,3,35,60,Slow,1,Mineral,,,40,5,2,1,1,5,5,1,0,2,5,25,1,5,2,5,2,5,5,ダンバル (Dumbber)
374,375,Metang,Metang,3,Iron Claw Pokémon,Steel,Psychic,2,202.5,1.2,0,0,0,2,Clear Body,,Light Metal,420,60,75,100,55,80,50,3,35,147,Slow,1,Mineral,,,40,5,2,1,1,5,5,1,0,2,5,25,1,5,2,5,2,5,5,メタング (Metang)
375,376,Metagross,Metagross,3,Iron Leg Pokémon,Steel,Psychic,2,55.0,1.6,0,0,0,2,Clear Body,,Light Metal,600,80,135,130,95,90,70,3,35,270,Slow,1,Mineral,,,40,5,2,1,1,5,5,1,0,2,5,25,1,5,2,5,2,5,5,メタグロス (Metagross)
376,377,Regirock,Regirock,3,Rock Peak Pokémon,Rock,,1,23.0,1.7,1,0,0,2,Clear Body,,Sturdy,580,80,100,200,50,100,50,3,35,261,Slow,1,Undiscovered,,,80,5,5,2,1,2,1,2,5,2,5,1,1,1,1,1,1,2,1,レジロック (Regirock)
377,378,Regice,Regice,3,Iceberg Pokémon,Ice,,1,17.5,1.8,1,0,0,2,Clear Body,,Ice Body,580,80,50,100,100,200,50,3,35,261,Slow,1,Undiscovered,,,80,1,2,1,1,1,5,2,1,1,1,1,1,2,1,1,1,2,1,レジアイス (Regice)
378,379,Registeel,Registeel,3,Iron Pokémon,Steel,,1,20.5,1.9,1,0,0,2,Clear Body,,Light Metal,580,80,75,150,75,150,50,3,35,261,Slow,1,Undiscovered,,,80,5,2,1,1,5,5,2,0,2,5,5,5,5,1,5,1,5,5,レジスチル (Registeel)
379,380,Latias,Latias,3,Eon Pokémon,Dragon,Psychic,2,4.0,1.4,1,0,0,1,Levitate,,,600,80,80,90,110,130,110,3,90,270,Slow,1,Undiscovered,,0.0,120,1,5,5,5,5,2,5,1,0,1,5,2,1,2,2,2,1,2,ラティアス (Latias)
380,381,Latios,Latios,3,Eon Pokémon,Dragon,Psychic,2,6.0,0.2,1,0,0,1,Levitate,,,600,80,90,80,130,110,110,3,90,270,Slow,1,Undiscovered,,0.1,120,1,5,5,5,5,2,5,1,0,1,5,2,1,2,2,2,1,2,ラティオス (Latios)
381,382,Kyogre,Kyogre,3,Sea Basin Pokémon,Water,,1,35.2,4.5,0,1,0,1,Drizzle,,,670,100,100,90,150,140,90,3,0,302,Slow,1,Undiscovered,,,120,1,5,5,2,2,5,1,1,1,1,1,1,1,1,1,1,5,1,カイオーガ (Kyogre)
382,383,Groudon,Groudon,3,Continent Pokémon,Ground,,1,95.0,3.5,0,1,0,1,Drought,,,670,100,150,140,100,90,90,3,0,302,Slow,1,Undiscovered,,,120,1,1,2,0,2,2,1,5,1,1,1,1,5,1,1,1,1,1,グラードン (Groudon)
383,384,Rayquaza,Rayquaza,3,Sky High Pokémon,Dragon,Flying,2,206.5,0.7,0,1,0,1,Air Lock,,,680,105,150,90,150,90,95,45,0,306,Slow,1,Undiscovered,,,120,1,5,5,1,25,4,5,1,0,1,1,5,2,1,2,1,1,2,レックウザ (Rayquaza)
384,385,Jirachi,Jirachi,3,Wish Pokémon,Steel,Psychic,2,1.1,0.3,0,0,1,1,Serene Grace,,,600,100,100,100,100,100,100,3,100,270,Slow,1,Undiscovered,,,120,5,2,1,1,5,5,1,0,2,5,25,1,5,2,5,2,5,5,ジラーチ (Jirachi)
385,386,Deoxys Normal Forme,Deoxys,3,DNA Pokémon,Psychic,,1,60.8,1.7,0,0,1,1,Pressure,,,600,50,150,50,150,50,150,3,0,270,Slow,1,Undiscovered,,,120,1,1,1,1,1,1,5,1,1,1,5,2,1,2,1,2,1,1,デオキシス (Deoxys)
